country,year,ecommerce_sales_usd_millions,internet_usage_percent,conflict_deaths_total,is_conflict_year,is_global_crisis_year
Afghanistan,1989,0.0,31.1,5411,1,0
Afghanistan,1990,0.0,31.1,1514,1,0
Afghanistan,1991,0.0,31.1,3553,1,0
Afghanistan,1992,0.0,31.1,4385,1,0
Afghanistan,1993,0.0,31.1,4105,1,0
Afghanistan,1994,0.0,31.1,9056,1,0
Afghanistan,1995,0.0,31.1,5618,1,0
Afghanistan,1996,0.0,31.1,3595,1,0
Afghanistan,1997,0.0,31.1,6721,1,0
Afghanistan,1998,0.0,31.1,12174,1,0
Afghanistan,1999,0.0,31.1,5065,1,0
Afghanistan,2000,0.0,31.1,5394,1,1
Afghanistan,2001,0.0,31.1,5553,1,1
Afghanistan,2002,0.0,31.1,1157,1,0
Afghanistan,2003,0.0,31.1,944,1,0
Afghanistan,2004,0.0,31.1,817,1,0
Afghanistan,2005,0.0,31.1,1711,1,0
Afghanistan,2006,0.0,31.1,4982,1,0
Afghanistan,2007,0.0,31.1,7037,1,0
Afghanistan,2008,0.0,31.1,5661,1,1
Afghanistan,2009,0.0,31.1,6499,1,1
Afghanistan,2010,0.0,31.1,7151,1,0
Afghanistan,2011,0.0,31.1,7563,1,0
Afghanistan,2012,0.0,31.1,7783,1,0
Afghanistan,2013,0.0,31.1,8131,1,0
Afghanistan,2014,0.0,31.1,12549,1,0
Afghanistan,2015,0.0,31.1,18018,1,0
Afghanistan,2016,0.0,31.1,19025,1,0
Afghanistan,2017,0.0,31.1,19784,1,0
Afghanistan,2018,0.0,31.1,26895,1,0
Afghanistan,2019,0.0,31.1,30435,1,0
Afghanistan,2020,0.0,31.1,20834,1,1
Afghanistan,2021,0.0,31.1,36386,1,1
Afghanistan,2022,0.0,31.1,1574,1,1
Afghanistan,2023,0.0,31.1,360,1,0
Afghanistan,2024,0.0,31.1,353,1,0
Africa,2015,0.0,31.1,0,0,0
Africa,2015,0.0,19.4,0,0,0
Africa,2016,0.0,32.3,0,0,0
Africa,2016,0.0,20.9,0,0,0
Africa,2017,0.0,33.6,0,0,0
Africa,2018,0.0,35.7,0,0,0
Africa,2020,0.0,49.6,0,0,1
Africa,2021,0.0,50.6,0,0,1
Africa,2022,0.0,51.7,0,0,1
Africa,2023,0.0,54.7,0,0,0
Africa,2025,0.0,17.3,0,0,0
Albania,1999,0.0,82.8,26,1,0
Algeria,1990,0.0,82.8,1,1,0
Algeria,1991,0.0,82.8,34,1,0
Algeria,1992,0.0,82.8,274,1,0
Algeria,1993,0.0,82.8,826,1,0
Algeria,1994,0.0,82.8,1943,1,0
Algeria,1995,0.0,82.8,3059,1,0
Algeria,1996,0.0,82.8,1091,1,0
Algeria,1997,0.0,82.8,2008,1,0
Algeria,1998,0.0,82.8,3284,1,0
Algeria,1999,0.0,82.8,1168,1,0
Algeria,2000,0.0,82.8,1193,1,1
Algeria,2001,0.0,82.8,674,1,1
Algeria,2002,0.0,82.8,1058,1,0
Algeria,2003,0.0,82.8,714,1,0
Algeria,2004,0.0,82.8,500,1,0
Algeria,2005,0.0,82.8,232,1,0
Algeria,2006,0.0,82.8,292,1,0
Algeria,2007,0.0,82.8,495,1,0
Algeria,2008,0.0,82.8,345,1,1
Algeria,2009,0.0,82.8,541,1,1
Algeria,2010,0.0,82.8,252,1,0
Algeria,2011,0.0,82.8,276,1,0
Algeria,2012,0.0,82.8,264,1,0
Algeria,2013,0.0,82.8,222,1,0
Algeria,2014,0.0,82.8,111,1,0
Algeria,2015,0.0,82.8,110,1,0
Algeria,2016,0.0,82.8,89,1,0
Algeria,2017,0.0,82.8,77,1,0
Algeria,2018,0.0,82.8,35,1,0
Algeria,2019,0.0,82.8,15,1,0
Algeria,2020,0.0,82.8,28,1,1
Algeria,2021,0.0,82.8,18,1,1
Algeria,2022,0.0,82.8,14,1,1
Algeria,2023,0.0,82.8,1,1,0
Algeria,2024,0.0,82.8,3,1,0
Americas,2015,0.0,82.8,0,0,0
Americas,2015,0.0,72.5,0,0,0
Americas,2016,0.0,84.9,0,0,0
Americas,2016,0.0,75.0,0,0,0
Americas,2017,0.0,86.4,0,0,0
Americas,2018,0.0,88.1,0,0,0
Americas,2020,0.0,86.5,0,0,1
Americas,2021,0.0,88.2,0,0,1
Americas,2022,0.0,89.3,0,0,1
Americas,2023,0.0,90.9,0,0,0
Americas,2025,0.0,67.2,0,0,0
Angola,1989,0.0,66.9,2873,1,0
Angola,1990,0.0,66.9,2609,1,0
Angola,1991,0.0,66.9,516,1,0
Angola,1992,0.0,66.9,2352,1,0
Angola,1993,0.0,66.9,12398,1,0
Angola,1994,0.0,66.9,4009,1,0
Angola,1995,0.0,66.9,238,1,0
Angola,1996,0.0,66.9,32,1,0
Angola,1997,0.0,66.9,105,1,0
Angola,1998,0.0,66.9,1191,1,0
Angola,1999,0.0,66.9,2666,1,0
Angola,2000,0.0,66.9,1209,1,1
Angola,2001,0.0,66.9,2158,1,1
Angola,2002,0.0,66.9,579,1,0
Angola,2003,0.0,66.9,84,1,0
Angola,2004,0.0,66.9,38,1,0
Angola,2005,0.0,66.9,15,1,0
Angola,2006,0.0,66.9,3,1,0
Angola,2007,0.0,66.9,26,1,0
Angola,2008,0.0,66.9,4,1,1
Angola,2009,0.0,66.9,25,1,1
Angola,2010,0.0,66.9,10,1,0
Angola,2011,0.0,66.9,1,1,0
Angola,2013,0.0,66.9,2,1,0
Angola,2014,0.0,66.9,0,0,0
Angola,2015,0.0,66.9,1,1,0
Angola,2016,0.0,66.9,26,1,0
Angola,2017,0.0,66.9,26,1,0
Angola,2018,0.0,66.9,24,1,0
Angola,2019,0.0,66.9,26,1,0
Angola,2020,0.0,66.9,29,1,1
Angola,2021,0.0,66.9,13,1,1
Angola,2022,0.0,66.9,21,1,1
Angola,2023,0.0,66.9,0,0,0
Angola,2024,0.0,66.9,25,1,0
Arab States,2015,0.0,66.9,0,0,0
Arab States,2015,0.0,50.7,0,0,0
Arab States,2016,0.0,68.2,0,0,0
Arab States,2016,0.0,51.2,0,0,0
Arab States,2017,0.0,68.6,0,0,0
Arab States,2018,0.0,69.5,0,0,0
Arab States,2020,0.0,79.5,0,0,1
Arab States,2021,0.0,80.4,0,0,1
Arab States,2022,0.0,80.6,0,0,1
Arab States,2023,0.0,81.8,0,0,0
Arab States,2025,0.0,48.3,0,0,0
Argentina,1992,0.0,68.3,0,0,0
Argentina,1994,0.0,68.3,86,1,0
Armenia,1992,0.0,68.3,85,1,0
Armenia,1993,0.0,68.3,37,1,0
Armenia,1994,0.0,68.3,30,1,0
Armenia,1995,0.0,68.3,7,1,0
Armenia,2005,0.0,68.3,1,1,0
Armenia,2006,0.0,68.3,2,1,0
Armenia,2012,0.0,68.3,9,1,0
Armenia,2013,0.0,68.3,1,1,0
Armenia,2015,0.0,68.3,16,1,0
Armenia,2016,0.0,68.3,4,1,0
Armenia,2018,0.0,68.3,1,1,0
Armenia,2019,0.0,68.3,2,1,0
Armenia,2020,0.0,68.3,10,1,1
Armenia,2021,0.0,68.3,10,1,1
Armenia,2022,0.0,68.3,154,1,1
Armenia,2023,0.0,68.3,20,1,0
Asia-Pacific,2015,0.0,68.3,0,0,0
Asia-Pacific,2015,0.0,62.8,0,0,0
Asia-Pacific,2016,0.0,71.2,0,0,0
Asia-Pacific,2016,0.0,65.9,0,0,0
Asia-Pacific,2017,0.0,74.1,0,0,0
Asia-Pacific,2018,0.0,77.1,0,0,0
Asia-Pacific,2020,0.0,81.8,0,0,1
Asia-Pacific,2021,0.0,83.6,0,0,1
Asia-Pacific,2022,0.0,85.4,0,0,1
Asia-Pacific,2023,0.0,88.4,0,0,0
Asia-Pacific,2025,0.0,55.4,0,0,0
Australia,2012,245392.159,86.8,0,0,0
Australia,2013,237487.705,86.8,0,0,0
Australia,2014,240678.596,86.8,0,0,0
Australia,2015,428971.66,86.8,0,0,0
Australia,2016,477842.196,86.8,0,0,0
Australia,2017,604403.233,86.8,0,0,0
Australia,2018,0.0,86.8,2,1,0
Austria,2016,2093963.097,86.8,0,0,0
Austria,2017,1660948.173,86.8,0,0,0
Austria,2018,2709261.525,86.8,0,0,0
Austria,2019,2620658.864,86.8,0,0,0
Austria,2020,2996524.352,86.8,4,1,1
Austria,2021,2932624.698,86.8,0,0,1
Austria,2022,2705608.246,86.8,0,0,1
Austria,2023,4444341.796,86.8,0,0,0
Azerbaijan,1991,0.0,86.8,35,1,0
Azerbaijan,1992,0.0,86.8,2856,1,0
Azerbaijan,1993,0.0,86.8,1194,1,0
Azerbaijan,1994,0.0,86.8,1489,1,0
Azerbaijan,1995,0.0,86.8,55,1,0
Azerbaijan,1996,0.0,86.8,5,1,0
Azerbaijan,1997,0.0,86.8,29,1,0
Azerbaijan,1998,0.0,86.8,34,1,0
Azerbaijan,1999,0.0,86.8,18,1,0
Azerbaijan,2000,0.0,86.8,13,1,1
Azerbaijan,2001,0.0,86.8,6,1,1
Azerbaijan,2004,0.0,86.8,8,1,0
Azerbaijan,2005,0.0,86.8,24,1,0
Azerbaijan,2006,0.0,86.8,5,1,0
Azerbaijan,2007,0.0,86.8,12,1,0
Azerbaijan,2008,0.0,86.8,30,1,1
Azerbaijan,2009,0.0,86.8,7,1,1
Azerbaijan,2010,0.0,86.8,20,1,0
Azerbaijan,2011,0.0,86.8,21,1,0
Azerbaijan,2012,0.0,86.8,16,1,0
Azerbaijan,2013,0.0,86.8,11,1,0
Azerbaijan,2014,0.0,86.8,46,1,0
Azerbaijan,2015,0.0,86.8,63,1,0
Azerbaijan,2016,0.0,86.8,137,1,0
Azerbaijan,2017,0.0,86.8,36,1,0
Azerbaijan,2018,0.0,86.8,16,1,0
Azerbaijan,2019,0.0,86.8,9,1,0
Azerbaijan,2020,0.0,86.8,7636,1,1
Azerbaijan,2021,0.0,86.8,30,1,1
Azerbaijan,2022,0.0,86.8,154,1,1
Azerbaijan,2023,0.0,86.8,442,1,0
Bahrain,2011,0.0,86.8,26,1,0
Bangladesh,1989,0.0,86.8,81,1,0
Bangladesh,1990,0.0,86.8,94,1,0
Bangladesh,1991,0.0,86.8,107,1,0
Bangladesh,1992,0.0,86.8,225,1,0
Bangladesh,1993,0.0,86.8,43,1,0
Bangladesh,1994,0.0,86.8,32,1,0
Bangladesh,1995,0.0,86.8,14,1,0
Bangladesh,1996,0.0,86.8,46,1,0
Bangladesh,1997,0.0,86.8,16,1,0
Bangladesh,1998,0.0,86.8,21,1,0
Bangladesh,1999,0.0,86.8,14,1,0
Bangladesh,2000,0.0,86.8,105,1,1
Bangladesh,2001,0.0,86.8,72,1,1
Bangladesh,2002,0.0,86.8,7,1,0
Bangladesh,2003,0.0,86.8,8,1,0
Bangladesh,2004,0.0,86.8,75,1,0
Bangladesh,2005,0.0,86.8,80,1,0
Bangladesh,2006,0.0,86.8,96,1,0
Bangladesh,2007,0.0,86.8,18,1,0
Bangladesh,2008,0.0,86.8,13,1,1
Bangladesh,2009,0.0,86.8,10,1,1
Bangladesh,2010,0.0,86.8,5,1,0
Bangladesh,2011,0.0,86.8,0,0,0
Bangladesh,2012,0.0,86.8,2,1,0
Bangladesh,2013,0.0,86.8,54,1,0
Bangladesh,2014,0.0,86.8,2,1,0
Bangladesh,2015,0.0,86.8,10,1,0
Bangladesh,2016,0.0,86.8,73,1,0
Bangladesh,2017,0.0,86.8,48,1,0
Bangladesh,2018,0.0,86.8,28,1,0
Bangladesh,2019,0.0,86.8,3,1,0
Bangladesh,2020,0.0,86.8,5,1,1
Bangladesh,2021,0.0,86.8,2,1,1
Bangladesh,2022,0.0,86.8,13,1,1
Bangladesh,2023,0.0,86.8,12,1,0
Bangladesh,2024,0.0,86.8,374,1,0
Belgium,2016,0.0,86.8,34,1,0
Belgium,2018,0.0,86.8,4,1,0
Belgium,2023,0.0,86.8,2,1,0
Benin,2019,0.0,86.8,1,1,0
Benin,2020,0.0,86.8,1,1,1
Benin,2021,0.0,86.8,11,1,1
Benin,2022,0.0,86.8,30,1,1
Benin,2023,0.0,86.8,46,1,0
Benin,2024,0.0,86.8,85,1,0
Bhutan,1997,0.0,86.8,4,1,0
Bhutan,2004,0.0,86.8,0,0,0
Bolivia,1998,0.0,86.8,2,1,0
Bolivia,2000,0.0,86.8,50,1,1
Bolivia,2021,0.0,86.8,1,1,1
Bolivia,2023,0.0,86.8,1,1,0
Bosnia and Herzegovina,1992,0.0,86.8,25171,1,0
Bosnia and Herzegovina,1993,0.0,86.8,13787,1,0
Bosnia and Herzegovina,1994,0.0,86.8,7312,1,0
Bosnia and Herzegovina,1995,0.0,86.8,17265,1,0
Bosnia and Herzegovina,2017,92975.718,86.8,0,0,0
Bosnia and Herzegovina,2018,143620.311,86.8,0,0,0
Bosnia and Herzegovina,2019,65518.866,86.8,0,0,0
Bosnia and Herzegovina,2020,90194.472,86.8,0,0,1
Bosnia and Herzegovina,2021,80887.431,86.8,0,0,1
Bosnia and Herzegovina,2022,104475.619,86.8,0,0,1
Bosnia and Herzegovina,2023,132026.734,86.8,0,0,0
Botswana,1990,0.0,86.8,1,1,0
Brazil,1993,0.0,86.8,43,1,0
Brazil,1994,0.0,86.8,32,1,0
Brazil,1995,0.0,86.8,51,1,0
Brazil,1996,0.0,86.8,20,1,0
Brazil,1997,0.0,86.8,41,1,0
Brazil,1998,0.0,86.8,16,1,0
Brazil,1999,0.0,86.8,86,1,0
Brazil,2000,0.0,86.8,64,1,1
Brazil,2001,0.0,86.8,81,1,1
Brazil,2002,0.0,86.8,65,1,0
Brazil,2003,0.0,86.8,51,1,0
Brazil,2004,0.0,86.8,86,1,0
Brazil,2005,0.0,86.8,60,1,0
Brazil,2006,0.0,86.8,23,1,0
Brazil,2007,0.0,86.8,40,1,0
Brazil,2008,0.0,86.8,20,1,1
Brazil,2009,0.0,86.8,40,1,1
Brazil,2010,0.0,86.8,4,1,0
Brazil,2011,0.0,86.8,34,1,0
Brazil,2012,0.0,86.8,275,1,0
Brazil,2013,0.0,86.8,28,1,0
Brazil,2014,0.0,86.8,4,1,0
Brazil,2015,0.0,86.8,83,1,0
Brazil,2016,0.0,86.8,156,1,0
Brazil,2017,0.0,86.8,3062,1,0
Brazil,2018,0.0,86.8,2662,1,0
Brazil,2019,0.0,86.8,1731,1,0
Brazil,2020,0.0,86.8,2670,1,1
Brazil,2021,0.0,86.8,2661,1,1
Brazil,2022,0.0,86.8,1703,1,1
Brazil,2023,0.0,86.8,2481,1,0
Brazil,2024,0.0,86.8,1635,1,0
Burkina Faso,2016,0.0,86.8,26,1,0
Burkina Faso,2017,0.0,86.8,54,1,0
Burkina Faso,2018,0.0,86.8,195,1,0
Burkina Faso,2019,0.0,86.8,1246,1,0
Burkina Faso,2020,0.0,86.8,1167,1,1
Burkina Faso,2021,0.0,86.8,1458,1,1
Burkina Faso,2022,0.0,86.8,2704,1,1
Burkina Faso,2023,0.0,86.8,6122,1,0
Burkina Faso,2024,0.0,86.8,4251,1,0
Burundi,1990,0.0,86.8,7,1,0
Burundi,1991,0.0,86.8,342,1,0
Burundi,1992,0.0,86.8,61,1,0
Burundi,1993,0.0,86.8,10218,1,0
Burundi,1994,0.0,86.8,897,1,0
Burundi,1995,0.0,86.8,2828,1,0
Burundi,1996,0.0,86.8,18184,1,0
Burundi,1997,0.0,86.8,4395,1,0
Burundi,1998,0.0,86.8,1797,1,0
Burundi,1999,0.0,86.8,1852,1,0
Burundi,2000,0.0,86.8,2442,1,1
Burundi,2001,0.0,86.8,1634,1,1
Burundi,2002,0.0,86.8,1990,1,0
Burundi,2003,0.0,86.8,1283,1,0
Burundi,2004,0.0,86.8,734,1,0
Burundi,2005,0.0,86.8,485,1,0
Burundi,2006,0.0,86.8,251,1,0
Burundi,2007,0.0,86.8,79,1,0
Burundi,2008,0.0,86.8,257,1,1
Burundi,2009,0.0,86.8,0,0,1
Burundi,2011,0.0,86.8,4,1,0
Burundi,2012,0.0,86.8,14,1,0
Burundi,2013,0.0,86.8,16,1,0
Burundi,2014,0.0,86.8,61,1,0
Burundi,2015,0.0,86.8,265,1,0
Burundi,2016,0.0,86.8,93,1,0
Burundi,2017,0.0,86.8,43,1,0
Burundi,2018,0.0,86.8,116,1,0
Burundi,2019,0.0,86.8,75,1,0
Burundi,2020,0.0,86.8,145,1,1
Burundi,2021,0.0,86.8,81,1,1
Burundi,2022,0.0,86.8,48,1,1
Burundi,2023,0.0,86.8,125,1,0
Burundi,2024,0.0,86.8,70,1,0
CIS,2015,0.0,86.8,0,0,0
CIS,2015,0.0,85.2,0,0,0
CIS,2016,0.0,89.2,0,0,0
CIS,2016,0.0,87.5,0,0,0
CIS,2017,0.0,90.8,0,0,0
CIS,2018,0.0,92.9,0,0,0
CIS,2020,0.0,90.5,0,0,1
CIS,2021,0.0,92.3,0,0,1
CIS,2022,0.0,93.7,0,0,1
CIS,2023,0.0,95.8,0,0,0
CIS,2025,0.0,79.7,0,0,0
Cambodia,1989,0.0,88.3,814,1,0
Cambodia,1990,0.0,88.3,377,1,0
Cambodia,1991,0.0,88.3,322,1,0
Cambodia,1992,0.0,88.3,193,1,0
Cambodia,1993,0.0,88.3,484,1,0
Cambodia,1994,0.0,88.3,572,1,0
Cambodia,1995,0.0,88.3,723,1,0
Cambodia,1996,0.0,88.3,846,1,0
Cambodia,1997,0.0,88.3,444,1,0
Cambodia,1998,0.0,88.3,274,1,0
Cambodia,1999,0.0,88.3,0,0,0
Cambodia,2000,0.0,88.3,4,1,1
Cambodia,2003,0.0,88.3,1,1,0
Cambodia,2007,0.0,88.3,2,1,0
Cambodia,2008,0.0,88.3,2,1,1
Cambodia,2009,0.0,88.3,2,1,1
Cambodia,2011,0.0,88.3,10,1,0
Cambodia,2012,0.0,88.3,1,1,0
Cameroon,1990,0.0,88.3,6,1,0
Cameroon,1991,0.0,88.3,50,1,0
Cameroon,1992,0.0,88.3,25,1,0
Cameroon,1993,0.0,88.3,47,1,0
Cameroon,1994,0.0,88.3,102,1,0
Cameroon,1996,0.0,88.3,56,1,0
Cameroon,1998,0.0,88.3,52,1,0
Cameroon,2000,0.0,88.3,2,1,1
Cameroon,2001,0.0,88.3,0,0,1
Cameroon,2004,0.0,88.3,0,0,0
Cameroon,2005,0.0,88.3,0,0,0
Cameroon,2008,0.0,88.3,0,0,1
Cameroon,2009,0.0,88.3,0,0,1
Cameroon,2013,0.0,88.3,1,1,0
Cameroon,2014,0.0,88.3,1047,1,0
Cameroon,2015,0.0,88.3,1263,1,0
Cameroon,2016,0.0,88.3,491,1,0
Cameroon,2017,0.0,88.3,410,1,0
Cameroon,2018,0.0,88.3,1013,1,0
Cameroon,2019,0.0,88.3,868,1,0
Cameroon,2020,0.0,88.3,792,1,1
Cameroon,2021,0.0,88.3,827,1,1
Cameroon,2022,0.0,88.3,667,1,1
Cameroon,2023,0.0,88.3,638,1,0
Cameroon,2024,0.0,88.3,421,1,0
Canada,1994,0.0,88.3,3,1,0
Canada,1995,0.0,88.3,24,1,0
Canada,1996,0.0,88.3,2,1,0
Canada,1997,0.0,88.3,2,1,0
Canada,1998,0.0,88.3,27,1,0
Canada,1999,0.0,88.3,11,1,0
Canada,2000,0.0,88.3,23,1,1
Canada,2001,0.0,88.3,1,1,1
Canada,2012,407050.583,88.3,0,0,0
Canada,2013,429337.888,88.3,0,0,0
Canada,2019,1426470.052,88.3,0,0,0
Canada,2021,2186067.061,88.3,0,0,1
Canada,2023,835780.262,88.3,0,0,0
Central African Republic,1991,0.0,88.3,0,0,0
Central African Republic,1992,0.0,88.3,3,1,0
Central African Republic,1993,0.0,88.3,4,1,0
Central African Republic,1999,0.0,88.3,5,1,0
Central African Republic,2000,0.0,88.3,6,1,1
Central African Republic,2001,0.0,88.3,216,1,1
Central African Republic,2002,0.0,88.3,152,1,0
Central African Republic,2003,0.0,88.3,19,1,0
Central African Republic,2004,0.0,88.3,23,1,0
Central African Republic,2005,0.0,88.3,8,1,0
Central African Republic,2006,0.0,88.3,190,1,0
Central African Republic,2007,0.0,88.3,143,1,0
Central African Republic,2008,0.0,88.3,8,1,1
Central African Republic,2009,0.0,88.3,244,1,1
Central African Republic,2010,0.0,88.3,148,1,0
Central African Republic,2011,0.0,88.3,195,1,0
Central African Republic,2012,0.0,88.3,132,1,0
Central African Republic,2013,0.0,88.3,3396,1,0
Central African Republic,2014,0.0,88.3,3493,1,0
Central African Republic,2015,0.0,88.3,745,1,0
Central African Republic,2016,0.0,88.3,688,1,0
Central African Republic,2017,0.0,88.3,1865,1,0
Central African Republic,2018,0.0,88.3,640,1,0
Central African Republic,2019,0.0,88.3,501,1,0
Central African Republic,2020,0.0,88.3,299,1,1
Central African Republic,2021,0.0,88.3,1080,1,1
Central African Republic,2022,0.0,88.3,773,1,1
Central African Republic,2023,0.0,88.3,423,1,0
Central African Republic,2024,0.0,88.3,485,1,0
Chad,1989,0.0,88.3,50,1,0
Chad,1990,0.0,88.3,686,1,0
Chad,1991,0.0,88.3,95,1,0
Chad,1992,0.0,88.3,1190,1,0
Chad,1993,0.0,88.3,313,1,0
Chad,1994,0.0,88.3,521,1,0
Chad,1995,0.0,88.3,53,1,0
Chad,1996,0.0,88.3,4,1,0
Chad,1997,0.0,88.3,134,1,0
Chad,1998,0.0,88.3,198,1,0
Chad,1999,0.0,88.3,394,1,0
Chad,2000,0.0,88.3,1070,1,1
Chad,2001,0.0,88.3,230,1,1
Chad,2002,0.0,88.3,297,1,0
Chad,2003,0.0,88.3,37,1,0
Chad,2004,0.0,88.3,80,1,0
Chad,2005,0.0,88.3,267,1,0
Chad,2006,0.0,88.3,1956,1,0
Chad,2007,0.0,88.3,431,1,0
Chad,2008,0.0,88.3,994,1,1
Chad,2009,0.0,88.3,135,1,1
Chad,2010,0.0,88.3,4,1,0
Chad,2014,0.0,88.3,16,1,0
Chad,2015,0.0,88.3,397,1,0
Chad,2016,0.0,88.3,26,1,0
Chad,2017,0.0,88.3,91,1,0
Chad,2018,0.0,88.3,168,1,0
Chad,2019,0.0,88.3,253,1,0
Chad,2020,0.0,88.3,249,1,1
Chad,2021,0.0,88.3,667,1,1
Chad,2022,0.0,88.3,114,1,1
Chad,2023,0.0,88.3,112,1,0
Chad,2024,0.0,88.3,195,1,0
China,1989,0.0,88.3,2600,1,0
China,1990,0.0,88.3,22,1,0
China,1997,0.0,88.3,4,1,0
China,1999,0.0,88.3,0,0,0
China,2005,0.0,88.3,12,1,0
China,2007,0.0,88.3,0,0,0
China,2008,0.0,88.3,87,1,1
China,2009,0.0,88.3,189,1,1
China,2013,2156888.5130000003,88.3,0,0,0
China,2014,3135868.2630000003,88.3,0,0,0
China,2015,3667968.134,88.3,5,1,0
China,2016,4036255.471,88.3,0,0,0
China,2017,4851439.294,88.3,6,1,0
China,2018,5827820.37,88.3,0,0,0
China,2019,6341279.464,88.3,0,0,0
China,2020,7118789.558999999,88.3,0,0,1
China,2021,9157557.341,88.3,0,0,1
China,2022,11543318.22,88.3,0,0,1
China,2023,13152543.864,88.3,1,1,0
"China, Hong Kong SAR",2012,146322.465,88.3,0,0,0
"China, Hong Kong SAR",2014,208732.473,88.3,0,0,0
"China, Hong Kong SAR",2016,234773.165,88.3,0,0,0
"China, Hong Kong SAR",2018,265876.762,88.3,0,0,0
"China, Hong Kong SAR",2020,302494.311,88.3,0,0,1
"China, Hong Kong SAR",2022,480963.427,88.3,0,0,1
Colombia,1989,0.0,88.3,384,1,0
Colombia,1990,0.0,88.3,712,1,0
Colombia,1991,0.0,88.3,872,1,0
Colombia,1992,0.0,88.3,1500,1,0
Colombia,1993,0.0,88.3,302,1,0
Colombia,1994,0.0,88.3,1211,1,0
Colombia,1995,0.0,88.3,943,1,0
Colombia,1996,0.0,88.3,1401,1,0
Colombia,1997,0.0,88.3,891,1,0
Colombia,1998,0.0,88.3,1646,1,0
Colombia,1999,0.0,88.3,2638,1,0
Colombia,2000,0.0,88.3,4388,1,1
Colombia,2001,0.0,88.3,4611,1,1
Colombia,2002,0.0,88.3,6012,1,0
Colombia,2003,0.0,88.3,4678,1,0
Colombia,2004,0.0,88.3,3380,1,0
Colombia,2005,0.0,88.3,2888,1,0
Colombia,2006,0.0,88.3,945,1,0
Colombia,2007,0.0,88.3,683,1,0
Colombia,2008,0.0,88.3,643,1,1
Colombia,2009,0.0,88.3,501,1,1
Colombia,2010,0.0,88.3,442,1,0
Colombia,2011,0.0,88.3,227,1,0
Colombia,2012,0.0,88.3,227,1,0
Colombia,2013,0.0,88.3,140,1,0
Colombia,2014,0.0,88.3,157,1,0
Colombia,2015,0.0,88.3,144,1,0
Colombia,2016,0.0,88.3,85,1,0
Colombia,2017,0.0,88.3,107,1,0
Colombia,2018,47365.811,88.3,253,1,0
Colombia,2019,92611.101,88.3,219,1,0
Colombia,2020,90119.644,88.3,196,1,1
Colombia,2021,0.0,88.3,291,1,1
Colombia,2022,0.0,88.3,360,1,1
Colombia,2023,0.0,88.3,534,1,0
Colombia,2024,0.0,88.3,664,1,0
Comoros,1989,0.0,88.3,29,1,0
Comoros,1997,0.0,88.3,56,1,0
Comoros,1998,0.0,88.3,40,1,0
Congo,1992,0.0,88.3,2,1,0
Congo,1993,0.0,88.3,135,1,0
Congo,1994,0.0,88.3,18,1,0
Congo,1995,0.0,88.3,2,1,0
Congo,1996,0.0,88.3,1,1,0
Congo,1997,0.0,88.3,10412,1,0
Congo,1998,0.0,88.3,3763,1,0
Congo,1999,0.0,88.3,948,1,0
Congo,2001,0.0,88.3,3,1,1
Congo,2002,0.0,88.3,234,1,0
Congo,2003,0.0,88.3,33,1,0
Congo,2005,0.0,88.3,15,1,0
Congo,2007,0.0,88.3,2,1,0
Congo,2008,0.0,88.3,1,1,1
Congo,2011,0.0,88.3,1,1,0
Congo,2012,0.0,88.3,2,1,0
Congo,2015,0.0,88.3,0,0,0
Congo,2016,0.0,88.3,73,1,0
Congo,2017,0.0,88.3,20,1,0
Congo,2019,0.0,88.3,0,0,0
Congo,2020,0.0,88.3,0,0,1
Congo,2022,0.0,88.3,3,1,1
Croatia,1992,0.0,88.3,142,1,0
Croatia,1993,0.0,88.3,373,1,0
Croatia,1995,0.0,88.3,963,1,0
Croatia,2016,160671.644,88.3,0,0,0
Croatia,2017,159417.04200000002,88.3,0,0,0
Croatia,2018,175376.028,88.3,0,0,0
Croatia,2019,217265.769,88.3,0,0,0
Croatia,2020,294686.126,88.3,0,0,1
Croatia,2021,378487.679,88.3,0,0,1
Croatia,2022,318844.167,88.3,0,0,1
Croatia,2023,598500.3640000001,88.3,0,0,0
Czechia,2016,2939345.354,88.3,0,0,0
Czechia,2017,2778782.68,88.3,0,0,0
Czechia,2018,3561689.142,88.3,0,0,0
Czechia,2019,3277059.367,88.3,0,0,0
Czechia,2020,3440254.416,88.3,0,0,1
Czechia,2021,3811880.443,88.3,0,0,1
Czechia,2022,4924112.465,88.3,0,0,1
Czechia,2023,4043127.154,88.3,0,0,0
DR Congo,1989,0.0,88.3,28,1,0
DR Congo,1990,0.0,88.3,147,1,0
DR Congo,1991,0.0,88.3,32,1,0
DR Congo,1992,0.0,88.3,67,1,0
DR Congo,1993,0.0,88.3,3337,1,0
DR Congo,1994,0.0,88.3,332,1,0
DR Congo,1995,0.0,88.3,526,1,0
DR Congo,1996,0.0,88.3,34307,1,0
DR Congo,1997,0.0,88.3,13897,1,0
DR Congo,1998,0.0,88.3,7717,1,0
DR Congo,1999,0.0,88.3,7849,1,0
DR Congo,2000,0.0,88.3,3055,1,1
DR Congo,2001,0.0,88.3,1490,1,1
DR Congo,2002,0.0,88.3,7945,1,0
DR Congo,2003,0.0,88.3,4324,1,0
DR Congo,2004,0.0,88.3,782,1,0
DR Congo,2005,0.0,88.3,305,1,0
DR Congo,2006,0.0,88.3,390,1,0
DR Congo,2007,0.0,88.3,879,1,0
DR Congo,2008,0.0,88.3,1740,1,1
DR Congo,2009,0.0,88.3,5308,1,1
DR Congo,2010,0.0,88.3,1088,1,0
DR Congo,2011,0.0,88.3,552,1,0
DR Congo,2012,0.0,88.3,1838,1,0
DR Congo,2013,0.0,88.3,2197,1,0
DR Congo,2014,0.0,88.3,1624,1,0
DR Congo,2015,0.0,88.3,737,1,0
DR Congo,2016,0.0,88.3,2194,1,0
DR Congo,2017,0.0,88.3,5975,1,0
DR Congo,2018,0.0,88.3,3147,1,0
DR Congo,2019,0.0,88.3,2529,1,0
DR Congo,2020,0.0,88.3,4008,1,1
DR Congo,2021,0.0,88.3,3723,1,1
DR Congo,2022,0.0,88.3,5967,1,1
DR Congo,2023,0.0,88.3,3936,1,0
DR Congo,2024,0.0,88.3,5409,1,0
Denmark,2016,1692074.678,88.3,0,0,0
Denmark,2017,3424001.553,88.3,0,0,0
Denmark,2018,3035029.847,88.3,0,0,0
Denmark,2019,3095464.3,88.3,0,0,0
Denmark,2020,3367593.389,88.3,0,0,1
Denmark,2021,2740911.944,88.3,0,0,1
Denmark,2022,4185862.947,88.3,0,0,1
Denmark,2023,4735549.036,88.3,0,0,0
Djibouti,1989,0.0,88.3,6,1,0
Djibouti,1990,0.0,88.3,60,1,0
Djibouti,1991,0.0,88.3,134,1,0
Djibouti,1992,0.0,88.3,129,1,0
Djibouti,1993,0.0,88.3,33,1,0
Djibouti,1994,0.0,88.3,39,1,0
Djibouti,1995,0.0,88.3,18,1,0
Djibouti,1996,0.0,88.3,0,0,0
Djibouti,1997,0.0,88.3,11,1,0
Djibouti,1998,0.0,88.3,16,1,0
Djibouti,1999,0.0,88.3,25,1,0
Djibouti,2008,0.0,88.3,35,1,1
Djibouti,2014,0.0,88.3,1,1,0
Djibouti,2018,0.0,88.3,6,1,0
Djibouti,2021,0.0,88.3,3,1,1
Ecuador,1995,0.0,88.3,11,1,0
Ecuador,2001,0.0,88.3,2,1,1
Ecuador,2003,0.0,88.3,26,1,0
Ecuador,2005,0.0,88.3,3,1,0
Ecuador,2006,0.0,88.3,2,1,0
Ecuador,2007,0.0,88.3,2,1,0
Ecuador,2008,0.0,88.3,53,1,1
Ecuador,2019,0.0,88.3,2,1,0
Ecuador,2020,0.0,88.3,11,1,1
Ecuador,2021,0.0,88.3,291,1,1
Ecuador,2022,0.0,88.3,118,1,1
Ecuador,2023,0.0,88.3,540,1,0
Ecuador,2024,0.0,88.3,328,1,0
Egypt,1990,0.0,88.3,4,1,0
Egypt,1992,0.0,88.3,13,1,0
Egypt,1993,0.0,88.3,108,1,0
Egypt,1994,0.0,88.3,162,1,0
Egypt,1995,0.0,88.3,233,1,0
Egypt,1996,0.0,88.3,149,1,0
Egypt,1997,0.0,88.3,143,1,0
Egypt,1998,0.0,88.3,29,1,0
Egypt,1999,0.0,88.3,4,1,0
Egypt,2000,0.0,88.3,5,1,1
Egypt,2004,0.0,88.3,35,1,0
Egypt,2005,0.0,88.3,124,1,0
Egypt,2006,0.0,88.3,2,1,0
Egypt,2008,0.0,88.3,2,1,1
Egypt,2009,0.0,88.3,1,1,1
Egypt,2010,0.0,88.3,1,1,0
Egypt,2011,0.0,88.3,31,1,0
Egypt,2012,0.0,88.3,75,1,0
Egypt,2013,0.0,88.3,135,1,0
Egypt,2014,0.0,88.3,249,1,0
Egypt,2015,0.0,88.3,991,1,0
Egypt,2016,0.0,88.3,404,1,0
Egypt,2017,0.0,88.3,902,1,0
Egypt,2018,0.0,88.3,692,1,0
Egypt,2019,0.0,88.3,664,1,0
Egypt,2020,0.0,88.3,547,1,1
Egypt,2021,0.0,88.3,124,1,1
Egypt,2022,0.0,88.3,236,1,1
Egypt,2023,0.0,88.3,6,1,0
El Salvador,1989,0.0,88.3,4924,1,0
El Salvador,1990,0.0,88.3,849,1,0
El Salvador,1991,0.0,88.3,88,1,0
El Salvador,1992,0.0,88.3,4,1,0
El Salvador,2004,0.0,88.3,34,1,0
El Salvador,2009,0.0,88.3,5,1,1
El Salvador,2010,0.0,88.3,2,1,0
El Salvador,2015,0.0,88.3,1,1,0
El Salvador,2017,0.0,88.3,1,1,0
El Salvador,2019,0.0,88.3,1,1,0
El Salvador,2021,0.0,88.3,9,1,1
El Salvador,2022,0.0,88.3,88,1,1
Eritrea,1993,0.0,88.3,21,1,0
Eritrea,1996,0.0,88.3,14,1,0
Eritrea,1997,0.0,88.3,31,1,0
Eritrea,1998,0.0,88.3,792,1,0
Eritrea,1999,0.0,88.3,17203,1,0
Eritrea,2000,0.0,88.3,1793,1,1
Eritrea,2003,0.0,88.3,57,1,0
Eritrea,2008,0.0,88.3,0,0,1
Eritrea,2016,0.0,88.3,25,1,0
Eritrea,2022,0.0,88.3,4,1,1
Estonia,2016,204165.068,88.3,0,0,0
Estonia,2017,183201.052,88.3,0,0,0
Estonia,2018,185495.122,88.3,0,0,0
Estonia,2019,172032.819,88.3,0,0,0
Estonia,2020,229382.106,88.3,0,0,1
Estonia,2021,317043.874,88.3,0,0,1
Estonia,2022,280997.196,88.3,0,0,1
Estonia,2023,355654.942,88.3,0,0,0
Ethiopia,1989,0.0,88.3,25385,1,0
Ethiopia,1990,0.0,88.3,49856,1,0
Ethiopia,1991,0.0,88.3,12440,1,0
Ethiopia,1992,0.0,88.3,1026,1,0
Ethiopia,1993,0.0,88.3,133,1,0
Ethiopia,1994,0.0,88.3,76,1,0
Ethiopia,1995,0.0,88.3,1043,1,0
Ethiopia,1996,0.0,88.3,65,1,0
Ethiopia,1997,0.0,88.3,12,1,0
Ethiopia,1998,0.0,88.3,1027,1,0
Ethiopia,1999,0.0,88.3,30786,1,0
Ethiopia,2000,0.0,88.3,48666,1,1
Ethiopia,2001,0.0,88.3,388,1,1
Ethiopia,2002,0.0,88.3,809,1,0
Ethiopia,2003,0.0,88.3,1093,1,0
Ethiopia,2004,0.0,88.3,475,1,0
Ethiopia,2005,0.0,88.3,290,1,0
Ethiopia,2006,0.0,88.3,430,1,0
Ethiopia,2007,0.0,88.3,500,1,0
Ethiopia,2008,0.0,88.3,311,1,1
Ethiopia,2009,0.0,88.3,590,1,1
Ethiopia,2010,0.0,88.3,152,1,0
Ethiopia,2011,0.0,88.3,66,1,0
Ethiopia,2012,0.0,88.3,391,1,0
Ethiopia,2013,0.0,88.3,88,1,0
Ethiopia,2014,0.0,88.3,139,1,0
Ethiopia,2015,0.0,88.3,307,1,0
Ethiopia,2016,0.0,88.3,529,1,0
Ethiopia,2017,0.0,88.3,488,1,0
Ethiopia,2018,0.0,88.3,713,1,0
Ethiopia,2019,0.0,88.3,425,1,0
Ethiopia,2020,0.0,88.3,24429,1,1
Ethiopia,2021,0.0,88.3,129516,1,1
Ethiopia,2022,0.0,88.3,165025,1,1
Ethiopia,2023,0.0,88.3,2346,1,0
Ethiopia,2024,0.0,88.3,4072,1,0
Europe,2015,0.0,88.3,0,0,0
Europe,2015,0.0,85.9,0,0,0
Europe,2016,0.0,89.6,0,0,0
Europe,2016,0.0,87.1,0,0,0
Europe,2017,0.0,90.8,0,0,0
Europe,2018,0.0,92.2,0,0,0
Europe,2020,0.0,90.5,0,0,1
Europe,2021,0.0,91.6,0,0,1
Europe,2022,0.0,92.5,0,0,1
Europe,2023,0.0,94.0,0,0,0
Europe,2025,0.0,82.0,0,0,0
Finland,2016,267066.012,91.0,0,0,0
Finland,2017,297045.554,91.0,0,0,0
Finland,2018,372883.364,91.0,0,0,0
Finland,2020,334782.706,91.0,0,0,1
Finland,2022,430044.972,91.0,0,0,1
Finland,2023,490187.186,91.0,0,0,0
France,1992,0.0,91.0,0,0,0
France,1995,0.0,91.0,8,1,0
France,1996,0.0,91.0,0,0,0
France,2007,0.0,91.0,2,1,0
France,2012,0.0,91.0,4,1,0
France,2015,0.0,91.0,133,1,0
France,2016,14809147.078,91.0,87,1,0
France,2017,15950415.353,91.0,2,1,0
France,2018,17224607.308,91.0,13,1,0
France,2019,15519938.768,91.0,0,0,0
France,2020,14236447.027,91.0,0,0,1
France,2021,12303743.176,91.0,0,0,1
France,2022,8616589.048,91.0,0,0,1
France,2023,10190271.981,91.0,48,1,0
France,2024,0.0,91.0,3,1,0
Gambia,1996,0.0,91.0,0,0,0
Gambia,2004,0.0,91.0,1,1,0
Gambia,2005,0.0,91.0,8,1,0
Gambia,2012,0.0,91.0,1,1,0
Gambia,2024,0.0,91.0,1,1,0
Georgia,1991,0.0,91.0,52,1,0
Georgia,1992,0.0,91.0,775,1,0
Georgia,1993,0.0,91.0,1837,1,0
Georgia,1995,0.0,91.0,52,1,0
Georgia,1997,0.0,91.0,26,1,0
Georgia,1998,0.0,91.0,38,1,0
Georgia,2002,0.0,91.0,0,0,0
Georgia,2004,0.0,91.0,27,1,0
Georgia,2008,0.0,91.0,621,1,1
Georgia,2010,0.0,91.0,3,1,0
Georgia,2011,0.0,91.0,0,0,0
Georgia,2023,0.0,91.0,1,1,0
Germany,1989,0.0,91.0,3,1,0
Germany,1990,0.0,91.0,1,1,0
Germany,1992,0.0,91.0,4,1,0
Germany,2016,9954156.102,91.0,12,1,0
Germany,2017,6131396.55,91.0,0,0,0
Germany,2018,6442888.642,91.0,0,0,0
Germany,2019,7477431.472,91.0,0,0,0
Germany,2020,9307760.662,91.0,0,0,1
Germany,2021,8709290.413999999,91.0,0,0,1
Germany,2022,8032954.078,91.0,0,0,1
Germany,2023,13019246.298,91.0,0,0,0
Germany,2024,0.0,91.0,3,1,0
Ghana,1991,0.0,91.0,30,1,0
Ghana,1992,0.0,91.0,63,1,0
Ghana,1993,0.0,91.0,2,1,0
Ghana,1994,0.0,91.0,2004,1,0
Ghana,1995,0.0,91.0,155,1,0
Ghana,2000,0.0,91.0,30,1,1
Ghana,2001,0.0,91.0,50,1,1
Ghana,2002,0.0,91.0,36,1,0
Ghana,2008,0.0,91.0,55,1,1
Ghana,2009,0.0,91.0,8,1,1
Ghana,2010,0.0,91.0,1,1,0
Ghana,2022,0.0,91.0,16,1,1
Ghana,2023,0.0,91.0,15,1,0
Ghana,2024,0.0,91.0,7,1,0
Greece,2016,292816.083,91.0,0,0,0
Greece,2017,341616.083,91.0,0,0,0
Greece,2018,471374.367,91.0,0,0,0
Greece,2019,130445.897,91.0,0,0,0
Greece,2020,632102.085,91.0,0,0,1
Greece,2021,1042442.977,91.0,0,0,1
Greece,2022,814213.967,91.0,0,0,1
Greece,2023,1492899.454,91.0,0,0,0
Guatemala,1989,0.0,91.0,491,1,0
Guatemala,1990,0.0,91.0,681,1,0
Guatemala,1991,0.0,91.0,426,1,0
Guatemala,1992,0.0,91.0,393,1,0
Guatemala,1993,0.0,91.0,218,1,0
Guatemala,1994,0.0,91.0,287,1,0
Guatemala,1995,0.0,91.0,122,1,0
Guatemala,1996,0.0,91.0,20,1,0
Guatemala,1997,0.0,91.0,2,1,0
Guatemala,1998,0.0,91.0,1,1,0
Guatemala,2000,0.0,91.0,0,0,1
Guatemala,2001,0.0,91.0,5,1,1
Guatemala,2002,0.0,91.0,2,1,0
Guatemala,2004,0.0,91.0,1,1,0
Guatemala,2005,0.0,91.0,58,1,0
Guatemala,2007,0.0,91.0,6,1,0
Guatemala,2008,0.0,91.0,41,1,1
Guatemala,2009,0.0,91.0,1,1,1
Guatemala,2011,0.0,91.0,36,1,0
Guatemala,2015,0.0,91.0,24,1,0
Guatemala,2016,0.0,91.0,2,1,0
Guatemala,2021,0.0,91.0,1,1,1
Guatemala,2022,0.0,91.0,13,1,1
Guatemala,2023,0.0,91.0,10,1,0
Guatemala,2024,0.0,91.0,29,1,0
Guinea,1994,0.0,91.0,0,0,0
Guinea,1996,0.0,91.0,27,1,0
Guinea,1998,0.0,91.0,12,1,0
Guinea,1999,0.0,91.0,13,1,0
Guinea,2000,0.0,91.0,256,1,1
Guinea,2001,0.0,91.0,430,1,1
Guinea,2005,0.0,91.0,3,1,0
Guinea,2006,0.0,91.0,15,1,0
Guinea,2007,0.0,91.0,45,1,0
Guinea,2009,0.0,91.0,160,1,1
Guinea,2010,0.0,91.0,1,1,0
Guinea,2011,0.0,91.0,25,1,0
Guinea,2012,0.0,91.0,9,1,0
Guinea,2013,0.0,91.0,98,1,0
Guinea,2015,0.0,91.0,3,1,0
Guinea,2019,0.0,91.0,1,1,0
Guinea,2020,0.0,91.0,49,1,1
Guinea,2021,0.0,91.0,1,1,1
Guinea-Bissau,1992,0.0,91.0,2,1,0
Guinea-Bissau,1998,0.0,91.0,505,1,0
Guinea-Bissau,1999,0.0,91.0,199,1,0
Guinea-Bissau,2000,0.0,91.0,0,0,1
Guyana,2008,0.0,91.0,29,1,1
Haiti,1989,0.0,91.0,48,1,0
Haiti,1990,0.0,91.0,2,1,0
Haiti,1991,0.0,91.0,270,1,0
Haiti,1993,0.0,91.0,37,1,0
Haiti,1994,0.0,91.0,44,1,0
Haiti,1995,0.0,91.0,1,1,0
Haiti,1999,0.0,91.0,11,1,0
Haiti,2004,0.0,91.0,231,1,0
Haiti,2005,0.0,91.0,40,1,0
Haiti,2017,0.0,91.0,8,1,0
Haiti,2018,0.0,91.0,71,1,0
Haiti,2019,0.0,91.0,1,1,0
Haiti,2020,0.0,91.0,166,1,1
Haiti,2021,0.0,91.0,140,1,1
Haiti,2022,0.0,91.0,236,1,1
Haiti,2023,0.0,91.0,454,1,0
Haiti,2024,0.0,91.0,1294,1,0
High-income,2015,0.0,91.0,0,0,0
High-income,2015,0.0,88.4,0,0,0
High-income,2016,0.0,91.9,0,0,0
High-income,2016,0.0,89.6,0,0,0
High-income,2017,0.0,93.0,0,0,0
High-income,2018,0.0,94.2,0,0,0
High-income,2020,0.0,92.9,0,0,1
High-income,2021,0.0,93.7,0,0,1
High-income,2022,0.0,94.6,0,0,1
High-income,2023,0.0,95.7,0,0,0
High-income,2025,0.0,85.2,0,0,0
Honduras,1999,0.0,33.3,9,1,0
Honduras,2000,0.0,33.3,6,1,1
Honduras,2002,0.0,33.3,1,1,0
Honduras,2003,0.0,33.3,40,1,0
Honduras,2004,0.0,33.3,30,1,0
Honduras,2010,0.0,33.3,44,1,0
Honduras,2012,0.0,33.3,18,1,0
Honduras,2013,0.0,33.3,6,1,0
Honduras,2014,0.0,33.3,21,1,0
Honduras,2015,0.0,33.3,71,1,0
Honduras,2016,0.0,33.3,10,1,0
Honduras,2018,0.0,33.3,2,1,0
Honduras,2019,0.0,33.3,40,1,0
Honduras,2020,0.0,33.3,1,1,1
Honduras,2021,0.0,33.3,10,1,1
Honduras,2022,0.0,33.3,6,1,1
Honduras,2023,0.0,33.3,105,1,0
Honduras,2024,0.0,33.3,5,1,0
Hungary,2016,1263811.936,33.3,0,0,0
Hungary,2017,1303547.059,33.3,0,0,0
Hungary,2018,1774031.582,33.3,0,0,0
Hungary,2019,1555643.912,33.3,0,0,0
Hungary,2020,1524310.223,33.3,0,0,1
Hungary,2021,1501265.117,33.3,0,0,1
Hungary,2022,1522040.034,33.3,0,0,1
Hungary,2023,2415691.359,33.3,0,0,0
Iceland,2017,28921.145,33.3,0,0,0
Iceland,2018,32196.364,33.3,0,0,0
Iceland,2019,56476.853,33.3,0,0,0
India,1989,0.0,33.3,1852,1,0
India,1990,0.0,33.3,4801,1,0
India,1991,0.0,33.3,3724,1,0
India,1992,0.0,33.3,4163,1,0
India,1993,0.0,33.3,2326,1,0
India,1994,0.0,33.3,1435,1,0
India,1995,0.0,33.3,1079,1,0
India,1996,0.0,33.3,1333,1,0
India,1997,0.0,33.3,1448,1,0
India,1998,0.0,33.3,1623,1,0
India,1999,0.0,33.3,2563,1,0
India,2000,0.0,33.3,4103,1,1
India,2001,0.0,33.3,1931,1,1
India,2002,0.0,33.3,3031,1,0
India,2003,0.0,33.3,2442,1,0
India,2004,0.0,33.3,2527,1,0
India,2005,0.0,33.3,2015,1,0
India,2006,0.0,33.3,2155,1,0
India,2007,0.0,33.3,1775,1,0
India,2008,0.0,33.3,1863,1,1
India,2009,0.0,33.3,1621,1,1
India,2010,0.0,33.3,1633,1,0
India,2011,0.0,33.3,798,1,0
India,2012,0.0,33.3,801,1,0
India,2013,0.0,33.3,702,1,0
India,2014,0.0,33.3,734,1,0
India,2015,0.0,33.3,622,1,0
India,2016,0.0,33.3,762,1,0
India,2017,0.0,33.3,847,1,0
India,2018,0.0,33.3,952,1,0
India,2019,0.0,33.3,734,1,0
India,2020,0.0,33.3,754,1,1
India,2021,0.0,33.3,521,1,1
India,2022,0.0,33.3,393,1,1
India,2023,0.0,33.3,406,1,0
India,2024,0.0,33.3,552,1,0
Indonesia,1989,0.0,33.3,7,1,0
Indonesia,1990,0.0,33.3,200,1,0
Indonesia,1991,0.0,33.3,429,1,0
Indonesia,1992,0.0,33.3,53,1,0
Indonesia,1993,0.0,33.3,27,1,0
Indonesia,1994,0.0,33.3,12,1,0
Indonesia,1995,0.0,33.3,63,1,0
Indonesia,1996,0.0,33.3,36,1,0
Indonesia,1997,0.0,33.3,441,1,0
Indonesia,1998,0.0,33.3,141,1,0
Indonesia,1999,0.0,33.3,2421,1,0
Indonesia,2000,0.0,33.3,917,1,1
Indonesia,2001,0.0,33.3,884,1,1
Indonesia,2002,0.0,33.3,762,1,0
Indonesia,2003,0.0,33.3,1069,1,0
Indonesia,2004,0.0,33.3,1082,1,0
Indonesia,2005,0.0,33.3,242,1,0
Indonesia,2006,0.0,33.3,13,1,0
Indonesia,2007,0.0,33.3,2,1,0
Indonesia,2008,0.0,33.3,6,1,1
Indonesia,2011,0.0,33.3,9,1,0
Indonesia,2012,0.0,33.3,1,1,0
Indonesia,2013,0.0,33.3,20,1,0
Indonesia,2014,0.0,33.3,12,1,0
Indonesia,2015,0.0,33.3,4,1,0
Indonesia,2017,0.0,33.3,2,1,0
Indonesia,2018,7899.46,33.3,37,1,0
Indonesia,2019,0.0,33.3,41,1,0
Indonesia,2020,0.0,33.3,35,1,1
Indonesia,2021,0.0,33.3,68,1,1
Indonesia,2022,52727.791,33.3,64,1,1
Indonesia,2023,85421.005,33.3,94,1,0
Indonesia,2024,0.0,33.3,77,1,0
Iran,1990,0.0,33.3,31,1,0
Iran,1991,0.0,33.3,44,1,0
Iran,1992,0.0,33.3,4,1,0
Iran,1993,0.0,33.3,153,1,0
Iran,1994,0.0,33.3,16,1,0
Iran,1995,0.0,33.3,17,1,0
Iran,1996,0.0,33.3,34,1,0
Iran,1997,0.0,33.3,37,1,0
Iran,1998,0.0,33.3,13,1,0
Iran,1999,0.0,33.3,19,1,0
Iran,2000,0.0,33.3,41,1,1
Iran,2001,0.0,33.3,112,1,1
Iran,2003,0.0,33.3,2,1,0
Iran,2005,0.0,33.3,54,1,0
Iran,2006,0.0,33.3,61,1,0
Iran,2007,0.0,33.3,86,1,0
Iran,2008,0.0,33.3,118,1,1
Iran,2009,0.0,33.3,208,1,1
Iran,2010,0.0,33.3,101,1,0
Iran,2011,0.0,33.3,220,1,0
Iran,2012,0.0,33.3,17,1,0
Iran,2013,0.0,33.3,11,1,0
Iran,2014,0.0,33.3,5,1,0
Iran,2015,0.0,33.3,25,1,0
Iran,2016,0.0,33.3,69,1,0
Iran,2017,0.0,33.3,58,1,0
Iran,2018,0.0,33.3,92,1,0
Iran,2019,0.0,33.3,313,1,0
Iran,2020,0.0,33.3,246,1,1
Iran,2021,0.0,33.3,82,1,1
Iran,2022,0.0,33.3,251,1,1
Iran,2023,0.0,33.3,43,1,0
Iran,2024,0.0,33.3,222,1,0
Iraq,1989,0.0,33.3,50,1,0
Iraq,1990,0.0,33.3,117,1,0
Iraq,1991,0.0,33.3,24501,1,0
Iraq,1992,0.0,33.3,846,1,0
Iraq,1993,0.0,33.3,368,1,0
Iraq,1994,0.0,33.3,995,1,0
Iraq,1995,0.0,33.3,1537,1,0
Iraq,1996,0.0,33.3,832,1,0
Iraq,1997,0.0,33.3,1628,1,0
Iraq,1998,0.0,33.3,96,1,0
Iraq,1999,0.0,33.3,308,1,0
Iraq,2000,0.0,33.3,193,1,1
Iraq,2001,0.0,33.3,56,1,1
Iraq,2002,0.0,33.3,111,1,0
Iraq,2003,0.0,33.3,8021,1,0
Iraq,2004,0.0,33.3,4366,1,0
Iraq,2005,0.0,33.3,3521,1,0
Iraq,2006,0.0,33.3,4598,1,0
Iraq,2007,0.0,33.3,4489,1,0
Iraq,2008,0.0,33.3,2765,1,1
Iraq,2009,0.0,33.3,1720,1,1
Iraq,2010,0.0,33.3,1857,1,0
Iraq,2011,0.0,33.3,1365,1,0
Iraq,2012,0.0,33.3,1407,1,0
Iraq,2013,0.0,33.3,4010,1,0
Iraq,2014,0.0,33.3,16437,1,0
Iraq,2015,0.0,33.3,11304,1,0
Iraq,2016,0.0,33.3,12025,1,0
Iraq,2017,0.0,33.3,11417,1,0
Iraq,2018,0.0,33.3,1448,1,0
Iraq,2019,0.0,33.3,960,1,0
Iraq,2020,0.0,33.3,945,1,1
Iraq,2021,0.0,33.3,1014,1,1
Iraq,2022,0.0,33.3,1027,1,1
Iraq,2023,0.0,33.3,498,1,0
Iraq,2024,0.0,33.3,409,1,0
Israel,1989,0.0,33.3,93,1,0
Israel,1990,0.0,33.3,43,1,0
Israel,1991,0.0,33.3,47,1,0
Israel,1992,0.0,33.3,72,1,0
Israel,1993,0.0,33.3,88,1,0
Israel,1994,0.0,33.3,116,1,0
Israel,1995,0.0,33.3,78,1,0
Israel,1996,0.0,33.3,132,1,0
Israel,1997,0.0,33.3,25,1,0
Israel,1998,0.0,33.3,6,1,0
Israel,1999,0.0,33.3,2,1,0
Israel,2000,0.0,33.3,109,1,1
Israel,2001,0.0,33.3,356,1,1
Israel,2002,0.0,33.3,892,1,0
Israel,2003,0.0,33.3,468,1,0
Israel,2004,0.0,33.3,522,1,0
Israel,2005,0.0,33.3,214,1,0
Israel,2006,0.0,33.3,557,1,0
Israel,2007,0.0,33.3,538,1,0
Israel,2008,0.0,33.3,738,1,1
Israel,2009,0.0,33.3,751,1,1
Israel,2010,0.0,33.3,75,1,0
Israel,2011,0.0,33.3,102,1,0
Israel,2012,0.0,33.3,253,1,0
Israel,2013,0.0,33.3,12,1,0
Israel,2014,0.0,33.3,2411,1,0
Israel,2015,0.0,33.3,16,1,0
Israel,2016,0.0,33.3,11,1,0
Israel,2017,0.0,33.3,25,1,0
Israel,2018,0.0,33.3,75,1,0
Israel,2019,0.0,33.3,83,1,0
Israel,2020,0.0,33.3,8,1,1
Israel,2021,0.0,33.3,280,1,1
Israel,2022,0.0,33.3,98,1,1
Israel,2023,0.0,33.3,27434,1,0
Israel,2024,0.0,33.3,21476,1,0
Italy,1993,0.0,33.3,0,0,0
Ivory Coast,1990,0.0,33.3,9,1,0
Ivory Coast,1991,0.0,33.3,0,0,0
Ivory Coast,1993,0.0,33.3,1,1,0
Ivory Coast,1994,0.0,33.3,4,1,0
Ivory Coast,1995,0.0,33.3,37,1,0
Ivory Coast,1996,0.0,33.3,35,1,0
Ivory Coast,1998,0.0,33.3,0,0,0
Ivory Coast,1999,0.0,33.3,0,0,0
Ivory Coast,2000,0.0,33.3,132,1,1
Ivory Coast,2001,0.0,33.3,2,1,1
Ivory Coast,2002,0.0,33.3,1063,1,0
Ivory Coast,2003,0.0,33.3,493,1,0
Ivory Coast,2004,0.0,33.3,304,1,0
Ivory Coast,2005,0.0,33.3,153,1,0
Ivory Coast,2006,0.0,33.3,11,1,0
Ivory Coast,2007,0.0,33.3,3,1,0
Ivory Coast,2008,0.0,33.3,4,1,1
Ivory Coast,2009,0.0,33.3,1,1,1
Ivory Coast,2010,0.0,33.3,80,1,0
Ivory Coast,2011,0.0,33.3,1256,1,0
Ivory Coast,2012,0.0,33.3,21,1,0
Ivory Coast,2013,0.0,33.3,4,1,0
Ivory Coast,2016,0.0,33.3,49,1,0
Ivory Coast,2020,0.0,33.3,3,1,1
Jamaica,1989,0.0,33.3,1,1,0
Jamaica,1994,0.0,33.3,5,1,0
Jamaica,2001,0.0,33.3,116,1,1
Jamaica,2002,0.0,33.3,22,1,0
Jordan,1992,0.0,33.3,1,1,0
Jordan,2005,0.0,33.3,59,1,0
Jordan,2015,0.0,33.3,1,1,0
Jordan,2016,0.0,33.3,37,1,0
Jordan,2024,0.0,33.3,3,1,0
Kazakhstan,2022,13820.382,33.3,0,0,1
Kazakhstan,2023,17815.926,33.3,0,0,0
Kazakhstan,2024,24042.649,33.3,0,0,0
Kenya,1989,0.0,33.3,63,1,0
Kenya,1990,0.0,33.3,7,1,0
Kenya,1991,0.0,33.3,17,1,0
Kenya,1992,0.0,33.3,159,1,0
Kenya,1993,0.0,33.3,287,1,0
Kenya,1994,0.0,33.3,34,1,0
Kenya,1995,0.0,33.3,60,1,0
Kenya,1996,0.0,33.3,170,1,0
Kenya,1997,0.0,33.3,212,1,0
Kenya,1998,0.0,33.3,322,1,0
Kenya,1999,0.0,33.3,229,1,0
Kenya,2000,0.0,33.3,261,1,1
Kenya,2001,0.0,33.3,192,1,1
Kenya,2002,0.0,33.3,45,1,0
Kenya,2003,0.0,33.3,7,1,0
Kenya,2004,0.0,33.3,20,1,0
Kenya,2005,0.0,33.3,215,1,0
Kenya,2006,0.0,33.3,219,1,0
Kenya,2007,0.0,33.3,200,1,0
Kenya,2008,0.0,33.3,783,1,1
Kenya,2009,0.0,33.3,170,1,1
Kenya,2010,0.0,33.3,87,1,0
Kenya,2011,0.0,33.3,144,1,0
Kenya,2012,0.0,33.3,309,1,0
Kenya,2013,0.0,33.3,267,1,0
Kenya,2014,0.0,33.3,344,1,0
Kenya,2015,0.0,33.3,389,1,0
Kenya,2016,0.0,33.3,130,1,0
Kenya,2017,0.0,33.3,228,1,0
Kenya,2018,0.0,33.3,164,1,0
Kenya,2019,0.0,33.3,188,1,0
Kenya,2020,0.0,33.3,151,1,1
Kenya,2021,0.0,33.3,135,1,1
Kenya,2022,0.0,33.3,101,1,1
Kenya,2023,0.0,33.3,224,1,0
Kenya,2024,0.0,33.3,112,1,0
Kingdom of eSwatini (Swaziland),1989,0.0,33.3,2,1,0
Kingdom of eSwatini (Swaziland),2019,0.0,33.3,1,1,0
Kingdom of eSwatini (Swaziland),2020,0.0,33.3,2,1,1
Kingdom of eSwatini (Swaziland),2021,0.0,33.3,48,1,1
Kingdom of eSwatini (Swaziland),2022,0.0,33.3,2,1,1
Kingdom of eSwatini (Swaziland),2023,0.0,33.3,3,1,0
Kuwait,1990,0.0,33.3,1329,1,0
Kuwait,1991,0.0,33.3,460,1,0
Kuwait,1996,0.0,33.3,1,1,0
Kuwait,2015,0.0,33.3,26,1,0
Kyrgyzstan,1999,0.0,33.3,14,1,0
Kyrgyzstan,2000,0.0,33.3,174,1,1
Kyrgyzstan,2006,0.0,33.3,6,1,0
Kyrgyzstan,2010,0.0,33.3,44,1,0
Kyrgyzstan,2015,0.0,33.3,1,1,0
Kyrgyzstan,2021,0.0,33.3,40,1,1
Kyrgyzstan,2022,0.0,33.3,68,1,1
Land Locked Developing Countries (LLDCs),2015,0.0,33.3,0,0,0
Land Locked Developing Countries (LLDCs),2015,0.0,25.0,0,0,0
Land Locked Developing Countries (LLDCs),2016,0.0,34.7,0,0,0
Land Locked Developing Countries (LLDCs),2016,0.0,26.7,0,0,0
Land Locked Developing Countries (LLDCs),2017,0.0,35.6,0,0,0
Land Locked Developing Countries (LLDCs),2018,0.0,37.6,0,0,0
Land Locked Developing Countries (LLDCs),2020,0.0,55.9,0,0,1
Land Locked Developing Countries (LLDCs),2021,0.0,56.7,0,0,1
Land Locked Developing Countries (LLDCs),2022,0.0,57.1,0,0,1
Land Locked Developing Countries (LLDCs),2023,0.0,59.5,0,0,0
Land Locked Developing Countries (LLDCs),2025,0.0,22.7,0,0,0
Laos,1989,0.0,28.2,30,1,0
Laos,1990,0.0,28.2,255,1,0
Laos,1993,0.0,28.2,3,1,0
Laos,1997,0.0,28.2,2,1,0
Laos,1999,0.0,28.2,2,1,0
Laos,2000,0.0,28.2,7,1,1
Laos,2002,0.0,28.2,4,1,0
Laos,2003,0.0,28.2,5,1,0
Laos,2004,0.0,28.2,4,1,0
Laos,2006,0.0,28.2,73,1,0
Least Developed Countries (LDCs),2015,0.0,28.2,0,0,0
Least Developed Countries (LDCs),2015,0.0,22.9,0,0,0
Least Developed Countries (LDCs),2016,0.0,29.9,0,0,0
Least Developed Countries (LDCs),2016,0.0,24.9,0,0,0
Least Developed Countries (LDCs),2017,0.0,31.4,0,0,0
Least Developed Countries (LDCs),2018,0.0,33.7,0,0,0
Least Developed Countries (LDCs),2020,0.0,44.7,0,0,1
Least Developed Countries (LDCs),2021,0.0,46.0,0,0,1
Least Developed Countries (LDCs),2022,0.0,47.2,0,0,1
Least Developed Countries (LDCs),2023,0.0,50.1,0,0,0
Least Developed Countries (LDCs),2025,0.0,19.8,0,0,0
Lebanon,1989,0.0,21.2,1097,1,0
Lebanon,1990,0.0,21.2,1903,1,0
Lebanon,1991,0.0,21.2,68,1,0
Lebanon,1992,0.0,21.2,132,1,0
Lebanon,1993,0.0,21.2,165,1,0
Lebanon,1994,0.0,21.2,144,1,0
Lebanon,1995,0.0,21.2,126,1,0
Lebanon,1996,0.0,21.2,214,1,0
Lebanon,1997,0.0,21.2,105,1,0
Lebanon,1998,0.0,21.2,85,1,0
Lebanon,1999,0.0,21.2,74,1,0
Lebanon,2000,0.0,21.2,59,1,1
Lebanon,2001,0.0,21.2,4,1,1
Lebanon,2002,0.0,21.2,0,0,0
Lebanon,2003,0.0,21.2,1,1,0
Lebanon,2005,0.0,21.2,3,1,0
Lebanon,2006,0.0,21.2,1194,1,0
Lebanon,2008,0.0,21.2,38,1,1
Lebanon,2011,0.0,21.2,4,1,0
Lebanon,2012,0.0,21.2,53,1,0
Lebanon,2013,0.0,21.2,179,1,0
Lebanon,2014,0.0,21.2,231,1,0
Lebanon,2015,0.0,21.2,200,1,0
Lebanon,2016,0.0,21.2,56,1,0
Lebanon,2017,0.0,21.2,297,1,0
Lebanon,2018,0.0,21.2,2,1,0
Lebanon,2020,0.0,21.2,20,1,1
Lebanon,2023,0.0,21.2,123,1,0
Lebanon,2024,0.0,21.2,4339,1,0
Lesotho,1998,0.0,21.2,78,1,0
Liberia,1989,0.0,21.2,45,1,0
Liberia,1990,0.0,21.2,3729,1,0
Liberia,1991,0.0,21.2,578,1,0
Liberia,1992,0.0,21.2,453,1,0
Liberia,1993,0.0,21.2,2673,1,0
Liberia,1994,0.0,21.2,4167,1,0
Liberia,1995,0.0,21.2,2290,1,0
Liberia,1996,0.0,21.2,3077,1,0
Liberia,1997,0.0,21.2,13,1,0
Liberia,1998,0.0,21.2,13,1,0
Liberia,1999,0.0,21.2,70,1,0
Liberia,2000,0.0,21.2,101,1,1
Liberia,2001,0.0,21.2,481,1,1
Liberia,2002,0.0,21.2,2259,1,0
Liberia,2003,0.0,21.2,3281,1,0
Liberia,2019,0.0,21.2,1,1,0
Liberia,2020,0.0,21.2,2,1,1
Liberia,2024,0.0,21.2,1,1,0
Libya,2008,0.0,21.2,6,1,1
Libya,2011,0.0,21.2,3914,1,0
Libya,2012,0.0,21.2,378,1,0
Libya,2013,0.0,21.2,36,1,0
Libya,2014,0.0,21.2,1455,1,0
Libya,2015,0.0,21.2,1594,1,0
Libya,2016,0.0,21.2,2349,1,0
Libya,2017,0.0,21.2,1096,1,0
Libya,2018,0.0,21.2,670,1,0
Libya,2019,0.0,21.2,1786,1,0
Libya,2020,0.0,21.2,690,1,1
Libya,2021,0.0,21.2,12,1,1
Libya,2022,0.0,21.2,13,1,1
Libya,2023,0.0,21.2,2,1,0
Libya,2024,0.0,21.2,2,1,0
Lithuania,2016,302806.645,21.2,0,0,0
Lithuania,2017,271061.351,21.2,0,0,0
Lithuania,2018,482649.019,21.2,0,0,0
Lithuania,2019,349061.093,21.2,0,0,0
Lithuania,2020,549150.771,21.2,0,0,1
Lithuania,2021,779414.042,21.2,0,0,1
Lithuania,2022,499800.049,21.2,0,0,1
Lithuania,2023,719287.897,21.2,0,0,0
Low-income,2015,0.0,21.2,0,0,0
Low-income,2015,0.0,13.2,0,0,0
Low-income,2016,0.0,22.0,0,0,0
Low-income,2016,0.0,13.7,0,0,0
Low-income,2017,0.0,22.5,0,0,0
Low-income,2018,0.0,23.4,0,0,0
Low-income,2020,0.0,36.0,0,0,1
Low-income,2021,0.0,36.9,0,0,1
Low-income,2022,0.0,37.4,0,0,1
Low-income,2023,0.0,39.0,0,0,0
Low-income,2025,0.0,12.4,0,0,0
Lower-middle-income,2015,0.0,52.3,0,0,0
Lower-middle-income,2015,0.0,49.4,0,0,0
Lower-middle-income,2016,0.0,55.4,0,0,0
Lower-middle-income,2016,0.0,53.2,0,0,0
Lower-middle-income,2017,0.0,58.9,0,0,0
Lower-middle-income,2018,0.0,62.9,0,0,0
Lower-middle-income,2020,0.0,67.5,0,0,1
Lower-middle-income,2021,0.0,70.0,0,0,1
Lower-middle-income,2022,0.0,72.8,0,0,1
Lower-middle-income,2023,0.0,77.0,0,0,0
Lower-middle-income,2025,0.0,42.3,0,0,0
Luxembourg,2016,53155.698,60.1,0,0,0
Luxembourg,2017,59254.375,60.1,0,0,0
Luxembourg,2018,75097.011,60.1,0,0,0
Luxembourg,2019,77508.159,60.1,0,0,0
Luxembourg,2020,78285.549,60.1,0,0,1
Luxembourg,2021,123285.302,60.1,0,0,1
Luxembourg,2022,126617.937,60.1,0,0,1
Luxembourg,2023,114766.393,60.1,0,0,0
Madagascar,2002,0.0,60.1,79,1,0
Madagascar,2009,0.0,60.1,113,1,1
Madagascar,2012,0.0,60.1,15,1,0
Madagascar,2017,0.0,60.1,1,1,0
Madagascar,2019,0.0,60.1,3,1,0
Madagascar,2020,0.0,60.1,23,1,1
Malaysia,2013,0.0,60.1,70,1,0
Malaysia,2015,896204.009,60.1,0,0,0
Malaysia,2017,924146.407,60.1,1,1,0
Malaysia,2019,1458237.326,60.1,0,0,0
Malaysia,2021,2134822.031,60.1,0,0,1
Malaysia,2022,2192337.563,60.1,0,0,1
Malaysia,2023,2196368.904,60.1,0,0,0
Mali,1990,0.0,60.1,582,1,0
Mali,1991,0.0,60.1,247,1,0
Mali,1992,0.0,60.1,86,1,0
Mali,1993,0.0,60.1,0,0,0
Mali,1994,0.0,60.1,729,1,0
Mali,1995,0.0,60.1,4,1,0
Mali,1997,0.0,60.1,22,1,0
Mali,1999,0.0,60.1,59,1,0
Mali,2002,0.0,60.1,5,1,0
Mali,2004,0.0,60.1,20,1,0
Mali,2005,0.0,60.1,12,1,0
Mali,2007,0.0,60.1,39,1,0
Mali,2008,0.0,60.1,113,1,1
Mali,2009,0.0,60.1,127,1,1
Mali,2010,0.0,60.1,28,1,0
Mali,2011,0.0,60.1,23,1,0
Mali,2012,0.0,60.1,359,1,0
Mali,2013,0.0,60.1,881,1,0
Mali,2014,0.0,60.1,291,1,0
Mali,2015,0.0,60.1,256,1,0
Mali,2016,0.0,60.1,198,1,0
Mali,2017,0.0,60.1,612,1,0
Mali,2018,0.0,60.1,1281,1,0
Mali,2019,0.0,60.1,1227,1,0
Mali,2020,0.0,60.1,1543,1,1
Mali,2021,0.0,60.1,1287,1,1
Mali,2022,0.0,60.1,3656,1,1
Mali,2023,0.0,60.1,2118,1,0
Mali,2024,0.0,60.1,1901,1,0
Malta,1995,0.0,60.1,0,0,0
Malta,2016,27102.346,60.1,0,0,0
Malta,2017,8006.481,60.1,0,0,0
Malta,2018,9094.01,60.1,0,0,0
Malta,2019,41369.819,60.1,0,0,0
Malta,2020,54881.665,60.1,0,0,1
Malta,2021,64974.677,60.1,0,0,1
Malta,2022,47683.949,60.1,0,0,1
Malta,2023,45253.699,60.1,0,0,0
Mauritania,1989,0.0,60.1,128,1,0
Mauritania,1990,0.0,60.1,29,1,0
Mauritania,1992,0.0,60.1,0,0,0
Mauritania,2007,0.0,60.1,4,1,0
Mauritania,2008,0.0,60.1,12,1,1
Mauritania,2009,0.0,60.1,1,1,1
Mauritania,2010,0.0,60.1,1,1,0
Mauritania,2011,0.0,60.1,13,1,0
Mauritania,2012,0.0,60.1,1,1,0
Mauritania,2019,0.0,60.1,1,1,0
Mauritania,2020,0.0,60.1,0,0,1
Mauritania,2023,0.0,60.1,6,1,0
Mauritania,2024,0.0,60.1,3,1,0
Mexico,1989,0.0,60.1,3,1,0
Mexico,1990,0.0,60.1,4,1,0
Mexico,1992,0.0,60.1,16,1,0
Mexico,1993,0.0,60.1,34,1,0
Mexico,1994,0.0,60.1,153,1,0
Mexico,1995,0.0,60.1,22,1,0
Mexico,1996,0.0,60.1,43,1,0
Mexico,1997,0.0,60.1,58,1,0
Mexico,1998,0.0,60.1,7,1,0
Mexico,2002,0.0,60.1,27,1,0
Mexico,2004,0.0,60.1,220,1,0
Mexico,2005,0.0,60.1,204,1,0
Mexico,2006,0.0,60.1,670,1,0
Mexico,2007,0.0,60.1,1946,1,0
Mexico,2008,0.0,60.1,3743,1,1
Mexico,2009,0.0,60.1,5607,1,1
Mexico,2010,0.0,60.1,6215,1,0
Mexico,2011,0.0,60.1,4945,1,0
Mexico,2012,0.0,60.1,5966,1,0
Mexico,2013,0.0,60.1,4478,1,0
Mexico,2014,0.0,60.1,3357,1,0
Mexico,2015,0.0,60.1,4527,1,0
Mexico,2016,0.0,60.1,4306,1,0
Mexico,2017,0.0,60.1,9725,1,0
Mexico,2018,0.0,60.1,11247,1,0
Mexico,2019,0.0,60.1,10486,1,0
Mexico,2020,0.0,60.1,13431,1,1
Mexico,2021,0.0,60.1,15119,1,1
Mexico,2022,0.0,60.1,12555,1,1
Mexico,2023,0.0,60.1,10899,1,0
Mexico,2024,0.0,60.1,11022,1,0
Moldova,1992,0.0,60.1,585,1,0
Morocco,1989,0.0,60.1,207,1,0
Morocco,1991,0.0,60.1,19,1,0
Morocco,2003,0.0,60.1,34,1,0
Morocco,2011,0.0,60.1,17,1,0
Morocco,2020,0.0,60.1,2,1,1
Morocco,2021,0.0,60.1,6,1,1
Morocco,2022,0.0,60.1,14,1,1
Morocco,2023,0.0,60.1,5,1,0
Morocco,2024,0.0,60.1,7,1,0
Mozambique,1989,0.0,60.1,1552,1,0
Mozambique,1990,0.0,60.1,1759,1,0
Mozambique,1991,0.0,60.1,1961,1,0
Mozambique,1992,0.0,60.1,521,1,0
Mozambique,1993,0.0,60.1,2,1,0
Mozambique,1994,0.0,60.1,2,1,0
Mozambique,1995,0.0,60.1,1,1,0
Mozambique,2004,0.0,60.1,1,1,0
Mozambique,2005,0.0,60.1,13,1,0
Mozambique,2010,0.0,60.1,7,1,0
Mozambique,2012,0.0,60.1,2,1,0
Mozambique,2013,0.0,60.1,45,1,0
Mozambique,2014,0.0,60.1,33,1,0
Mozambique,2016,0.0,60.1,68,1,0
Mozambique,2017,0.0,60.1,3,1,0
Mozambique,2018,0.0,60.1,171,1,0
Mozambique,2019,0.0,60.1,597,1,0
Mozambique,2020,0.0,60.1,1627,1,1
Mozambique,2021,0.0,60.1,1918,1,1
Mozambique,2022,0.0,60.1,717,1,1
Mozambique,2023,0.0,60.1,271,1,0
Mozambique,2024,0.0,60.1,522,1,0
Myanmar,1989,0.0,60.1,1534,1,0
Myanmar,1990,0.0,60.1,796,1,0
Myanmar,1991,0.0,60.1,1375,1,0
Myanmar,1992,0.0,60.1,1749,1,0
Myanmar,1993,0.0,60.1,145,1,0
Myanmar,1994,0.0,60.1,794,1,0
Myanmar,1995,0.0,60.1,1496,1,0
Myanmar,1996,0.0,60.1,591,1,0
Myanmar,1997,0.0,60.1,788,1,0
Myanmar,1998,0.0,60.1,581,1,0
Myanmar,1999,0.0,60.1,369,1,0
Myanmar,2000,0.0,60.1,748,1,1
Myanmar,2001,0.0,60.1,387,1,1
Myanmar,2002,0.0,60.1,543,1,0
Myanmar,2003,0.0,60.1,272,1,0
Myanmar,2004,0.0,60.1,177,1,0
Myanmar,2005,0.0,60.1,449,1,0
Myanmar,2006,0.0,60.1,452,1,0
Myanmar,2007,0.0,60.1,704,1,0
Myanmar,2008,0.0,60.1,102,1,1
Myanmar,2009,0.0,60.1,225,1,1
Myanmar,2010,0.0,60.1,185,1,0
Myanmar,2011,0.0,60.1,811,1,0
Myanmar,2012,0.0,60.1,971,1,0
Myanmar,2013,0.0,60.1,358,1,0
Myanmar,2014,0.0,60.1,256,1,0
Myanmar,2015,0.0,60.1,705,1,0
Myanmar,2016,0.0,60.1,183,1,0
Myanmar,2017,0.0,60.1,2395,1,0
Myanmar,2018,0.0,60.1,122,1,0
Myanmar,2019,0.0,60.1,587,1,0
Myanmar,2020,0.0,60.1,207,1,1
Myanmar,2021,0.0,60.1,1781,1,1
Myanmar,2022,0.0,60.1,2761,1,1
Myanmar,2023,0.0,60.1,3065,1,0
Myanmar,2024,0.0,60.1,2896,1,0
Namibia,1994,0.0,60.1,0,0,0
Namibia,1996,0.0,60.1,2,1,0
Namibia,1999,0.0,60.1,1,1,0
Namibia,2000,0.0,60.1,60,1,1
Namibia,2002,0.0,60.1,0,0,0
Nepal,1990,0.0,60.1,14,1,0
Nepal,1991,0.0,60.1,2,1,0
Nepal,1992,0.0,60.1,0,0,0
Nepal,1993,0.0,60.1,3,1,0
Nepal,1994,0.0,60.1,0,0,0
Nepal,1995,0.0,60.1,0,0,0
Nepal,1996,0.0,60.1,77,1,0
Nepal,1997,0.0,60.1,48,1,0
Nepal,1998,0.0,60.1,357,1,0
Nepal,1999,0.0,60.1,295,1,0
Nepal,2000,0.0,60.1,365,1,1
Nepal,2001,0.0,60.1,569,1,1
Nepal,2002,0.0,60.1,4432,1,0
Nepal,2003,0.0,60.1,1732,1,0
Nepal,2004,0.0,60.1,2456,1,0
Nepal,2005,0.0,60.1,1399,1,0
Nepal,2006,0.0,60.1,566,1,0
Nepal,2007,0.0,60.1,31,1,0
Nepal,2008,0.0,60.1,0,0,1
Nepal,2009,0.0,60.1,9,1,1
Nepal,2022,0.0,60.1,1,1,1
Netherlands,1990,0.0,60.1,2,1,0
Netherlands,2015,0.0,60.1,0,0,0
Netherlands,2016,3742001.906,60.1,0,0,0
Netherlands,2017,3438395.966,60.1,0,0,0
Netherlands,2018,4785683.25,60.1,0,0,0
Netherlands,2019,4696449.543,60.1,0,0,0
Netherlands,2020,6075442.444,60.1,0,0,1
Netherlands,2021,10535223.966,60.1,0,0,1
Netherlands,2022,8884484.01,60.1,0,0,1
Nicaragua,1989,0.0,60.1,526,1,0
Nicaragua,1990,0.0,60.1,39,1,0
Niger,1989,0.0,60.1,170,1,0
Niger,1990,0.0,60.1,200,1,0
Niger,1991,0.0,60.1,40,1,0
Niger,1992,0.0,60.1,29,1,0
Niger,1993,0.0,60.1,6,1,0
Niger,1994,0.0,60.1,50,1,0
Niger,1995,0.0,60.1,67,1,0
Niger,1996,0.0,60.1,14,1,0
Niger,1997,0.0,60.1,81,1,0
Niger,1998,0.0,60.1,147,1,0
Niger,2004,0.0,60.1,4,1,0
Niger,2007,0.0,60.1,98,1,0
Niger,2008,0.0,60.1,68,1,1
Niger,2012,0.0,60.1,1,1,0
Niger,2013,0.0,60.1,31,1,0
Niger,2014,0.0,60.1,5,1,0
Niger,2015,0.0,60.1,533,1,0
Niger,2016,0.0,60.1,299,1,0
Niger,2017,0.0,60.1,248,1,0
Niger,2018,0.0,60.1,181,1,0
Niger,2019,0.0,60.1,454,1,0
Niger,2020,0.0,60.1,820,1,1
Niger,2021,0.0,60.1,1130,1,1
Niger,2022,0.0,60.1,664,1,1
Niger,2023,0.0,60.1,513,1,0
Niger,2024,0.0,60.1,1222,1,0
Nigeria,1990,0.0,60.1,89,1,0
Nigeria,1991,0.0,60.1,380,1,0
Nigeria,1992,0.0,60.1,943,1,0
Nigeria,1993,0.0,60.1,1185,1,0
Nigeria,1994,0.0,60.1,90,1,0
Nigeria,1995,0.0,60.1,1,1,0
Nigeria,1996,0.0,60.1,87,1,0
Nigeria,1997,0.0,60.1,595,1,0
Nigeria,1998,0.0,60.1,357,1,0
Nigeria,1999,0.0,60.1,3519,1,0
Nigeria,2000,0.0,60.1,2104,1,1
Nigeria,2001,0.0,60.1,2437,1,1
Nigeria,2002,0.0,60.1,629,1,0
Nigeria,2003,0.0,60.1,449,1,0
Nigeria,2004,0.0,60.1,2136,1,0
Nigeria,2005,0.0,60.1,233,1,0
Nigeria,2006,0.0,60.1,231,1,0
Nigeria,2007,0.0,60.1,157,1,0
Nigeria,2008,0.0,60.1,432,1,1
Nigeria,2009,0.0,60.1,533,1,1
Nigeria,2010,0.0,60.1,980,1,0
Nigeria,2011,0.0,60.1,1831,1,0
Nigeria,2012,0.0,60.1,2022,1,0
Nigeria,2013,0.0,60.1,3391,1,0
Nigeria,2014,0.0,60.1,10346,1,0
Nigeria,2015,0.0,60.1,9121,1,0
Nigeria,2016,0.0,60.1,3949,1,0
Nigeria,2017,0.0,60.1,3589,1,0
Nigeria,2018,0.0,60.1,3243,1,0
Nigeria,2019,0.0,60.1,2455,1,0
Nigeria,2020,0.0,60.1,3079,1,1
Nigeria,2021,0.0,60.1,3171,1,1
Nigeria,2022,0.0,60.1,2917,1,1
Nigeria,2023,0.0,60.1,3971,1,0
Nigeria,2024,0.0,60.1,3170,1,0
North Macedonia,1999,0.0,60.1,6,1,0
North Macedonia,2000,0.0,60.1,3,1,1
North Macedonia,2001,0.0,60.1,72,1,1
North Macedonia,2019,0.0,60.1,0,0,0
North Macedonia,2020,0.274,60.1,0,0,1
North Macedonia,2021,0.0,60.1,0,0,1
Norway,2016,2419854.218,60.1,0,0,0
Norway,2017,2769907.98,60.1,0,0,0
Norway,2018,3592884.855,60.1,0,0,0
Norway,2019,2014635.213,60.1,0,0,0
Norway,2020,2871476.585,60.1,0,0,1
Norway,2021,2591379.245,60.1,0,0,1
Norway,2022,2379679.404,60.1,0,0,1
Norway,2023,3134311.157,60.1,0,0,0
Pakistan,1989,0.0,60.1,114,1,0
Pakistan,1990,0.0,60.1,386,1,0
Pakistan,1991,0.0,60.1,62,1,0
Pakistan,1992,0.0,60.1,72,1,0
Pakistan,1993,0.0,60.1,48,1,0
Pakistan,1994,0.0,60.1,169,1,0
Pakistan,1995,0.0,60.1,127,1,0
Pakistan,1996,0.0,60.1,64,1,0
Pakistan,1997,0.0,60.1,123,1,0
Pakistan,1998,0.0,60.1,121,1,0
Pakistan,1999,0.0,60.1,57,1,0
Pakistan,2000,0.0,60.1,59,1,1
Pakistan,2001,0.0,60.1,42,1,1
Pakistan,2002,0.0,60.1,170,1,0
Pakistan,2003,0.0,60.1,242,1,0
Pakistan,2004,0.0,60.1,430,1,0
Pakistan,2005,0.0,60.1,168,1,0
Pakistan,2006,0.0,60.1,427,1,0
Pakistan,2007,0.0,60.1,1380,1,0
Pakistan,2008,0.0,60.1,4621,1,1
Pakistan,2009,0.0,60.1,7512,1,1
Pakistan,2010,0.0,60.1,7251,1,0
Pakistan,2011,0.0,60.1,3475,1,0
Pakistan,2012,0.0,60.1,3583,1,0
Pakistan,2013,0.0,60.1,2914,1,0
Pakistan,2014,0.0,60.1,3639,1,0
Pakistan,2015,0.0,60.1,2454,1,0
Pakistan,2016,0.0,60.1,1100,1,0
Pakistan,2017,0.0,60.1,960,1,0
Pakistan,2018,0.0,60.1,483,1,0
Pakistan,2019,0.0,60.1,293,1,0
Pakistan,2020,0.0,60.1,409,1,1
Pakistan,2021,0.0,60.1,452,1,1
Pakistan,2022,0.0,60.1,719,1,1
Pakistan,2023,0.0,60.1,1178,1,0
Pakistan,2024,0.0,60.1,1885,1,0
Panama,1989,0.0,60.1,920,1,0
Panama,2009,0.0,60.1,1,1,1
Papua New Guinea,1989,0.0,60.1,14,1,0
Papua New Guinea,1990,0.0,60.1,61,1,0
Papua New Guinea,1991,0.0,60.1,29,1,0
Papua New Guinea,1992,0.0,60.1,61,1,0
Papua New Guinea,1993,0.0,60.1,40,1,0
Papua New Guinea,1994,0.0,60.1,26,1,0
Papua New Guinea,1995,0.0,60.1,33,1,0
Papua New Guinea,1996,0.0,60.1,106,1,0
Papua New Guinea,1997,0.0,60.1,12,1,0
Papua New Guinea,1998,0.0,60.1,40,1,0
Papua New Guinea,1999,0.0,60.1,60,1,0
Papua New Guinea,2000,0.0,60.1,13,1,1
Papua New Guinea,2001,0.0,60.1,65,1,1
Papua New Guinea,2002,0.0,60.1,7,1,0
Papua New Guinea,2012,0.0,60.1,57,1,0
Papua New Guinea,2019,0.0,60.1,30,1,0
Papua New Guinea,2021,0.0,60.1,38,1,1
Papua New Guinea,2022,0.0,60.1,109,1,1
Papua New Guinea,2023,0.0,60.1,1,1,0
Papua New Guinea,2024,0.0,60.1,135,1,0
Paraguay,1989,0.0,60.1,150,1,0
Paraguay,2016,0.0,60.1,1,1,0
Paraguay,2018,0.0,60.1,1,1,0
Paraguay,2020,0.0,60.1,1,1,1
Paraguay,2021,0.0,60.1,4,1,1
Peru,1989,0.0,60.1,1945,1,0
Peru,1990,0.0,60.1,1228,1,0
Peru,1991,0.0,60.1,1350,1,0
Peru,1992,0.0,60.1,1195,1,0
Peru,1993,0.0,60.1,779,1,0
Peru,1994,0.0,60.1,369,1,0
Peru,1995,0.0,60.1,274,1,0
Peru,1996,0.0,60.1,105,1,0
Peru,1997,0.0,60.1,116,1,0
Peru,1998,0.0,60.1,33,1,0
Peru,1999,0.0,60.1,89,1,0
Peru,2000,0.0,60.1,5,1,1
Peru,2001,0.0,60.1,21,1,1
Peru,2002,0.0,60.1,13,1,0
Peru,2003,0.0,60.1,13,1,0
Peru,2004,0.0,60.1,3,1,0
Peru,2005,0.0,60.1,0,0,0
Peru,2006,0.0,60.1,11,1,0
Peru,2007,0.0,60.1,32,1,0
Peru,2008,0.0,60.1,40,1,1
Peru,2009,0.0,60.1,54,1,1
Peru,2010,0.0,60.1,29,1,0
Peru,2011,0.0,60.1,15,1,0
Peru,2013,0.0,60.1,3,1,0
Peru,2014,0.0,60.1,14,1,0
Peru,2015,0.0,60.1,9,1,0
Peru,2016,0.0,60.1,11,1,0
Peru,2017,0.0,60.1,7,1,0
Peru,2019,0.0,60.1,2,1,0
Peru,2020,0.0,60.1,11,1,1
Peru,2021,0.0,60.1,20,1,1
Peru,2022,0.0,60.1,14,1,1
Peru,2023,0.0,60.1,12,1,0
Philippines,1989,0.0,60.1,984,1,0
Philippines,1990,0.0,60.1,1362,1,0
Philippines,1991,0.0,60.1,1549,1,0
Philippines,1992,0.0,60.1,445,1,0
Philippines,1993,0.0,60.1,318,1,0
Philippines,1994,0.0,60.1,308,1,0
Philippines,1995,0.0,60.1,188,1,0
Philippines,1996,0.0,60.1,199,1,0
Philippines,1997,0.0,60.1,322,1,0
Philippines,1998,0.0,60.1,138,1,0
Philippines,1999,0.0,60.1,219,1,0
Philippines,2000,0.0,60.1,1761,1,1
Philippines,2001,0.0,60.1,1053,1,1
Philippines,2002,0.0,60.1,763,1,0
Philippines,2003,0.0,60.1,1134,1,0
Philippines,2004,0.0,60.1,471,1,0
Philippines,2005,0.0,60.1,487,1,0
Philippines,2006,0.0,60.1,434,1,0
Philippines,2007,0.0,60.1,483,1,0
Philippines,2008,0.0,60.1,566,1,1
Philippines,2009,0.0,60.1,1048,1,1
Philippines,2010,0.0,60.1,372,1,0
Philippines,2011,0.0,60.1,414,1,0
Philippines,2012,0.0,60.1,311,1,0
Philippines,2013,2922.379,60.1,537,1,0
Philippines,2014,2650.429,60.1,484,1,0
Philippines,2015,2950.417,60.1,628,1,0
Philippines,2016,2630.752,60.1,616,1,0
Philippines,2017,6598.963,60.1,1713,1,0
Philippines,2018,0.0,60.1,436,1,0
Philippines,2019,10065.431,60.1,364,1,0
Philippines,2020,8187.52,60.1,376,1,1
Philippines,2021,13327.93,60.1,310,1,1
Philippines,2022,12223.961,60.1,247,1,1
Philippines,2023,0.0,60.1,269,1,0
Philippines,2024,0.0,60.1,204,1,0
Poland,2016,3133575.717,60.1,0,0,0
Poland,2017,1325163.941,60.1,0,0,0
Poland,2018,3878734.465,60.1,0,0,0
Poland,2019,2809202.88,60.1,0,0,0
Poland,2020,2935645.057,60.1,0,0,1
Poland,2021,3885863.433,60.1,0,0,1
Poland,2022,4437574.795,60.1,2,1,1
Poland,2023,5375138.137,60.1,0,0,0
Portugal,2016,329583.834,60.1,0,0,0
Portugal,2017,348278.448,60.1,0,0,0
Portugal,2018,402986.482,60.1,0,0,0
Portugal,2019,418748.754,60.1,0,0,0
Portugal,2020,387304.446,60.1,0,0,1
Portugal,2021,448230.334,60.1,0,0,1
Portugal,2022,484270.174,60.1,0,0,1
Portugal,2023,640682.886,60.1,0,0,0
Qatar,2004,0.0,60.1,0,0,0
Republic of Korea,2012,3954874.746,60.1,0,0,0
Republic of Korea,2013,4261815.929,60.1,0,0,0
Republic of Korea,2014,43028.843,60.1,0,0,0
Republic of Korea,2015,47796.541,60.1,0,0,0
Republic of Korea,2016,56529.017,60.1,0,0,0
Republic of Korea,2017,83276.477,60.1,0,0,0
Republic of Korea,2018,102997.443,60.1,0,0,0
Republic of Korea,2019,117217.968,60.1,0,0,0
Republic of Korea,2020,134108.745,60.1,0,0,1
Republic of Korea,2021,168472.122,60.1,0,0,1
Republic of Korea,2022,167389.907,60.1,0,0,1
Republic of Korea,2023,185504.891,60.1,0,0,0
Republic of Korea,2024,384341.966,60.1,0,0,0
Romania,1989,0.0,60.1,448,1,0
Russia,1989,0.0,60.1,160,1,0
Russia,1990,0.0,60.1,393,1,0
Russia,1991,0.0,60.1,340,1,0
Russia,1992,0.0,60.1,1,1,0
Russia,1993,0.0,60.1,145,1,0
Russia,1994,0.0,60.1,485,1,0
Russia,1995,0.0,60.1,1910,1,0
Russia,1996,0.0,60.1,2764,1,0
Russia,1997,0.0,60.1,13,1,0
Russia,1998,0.0,60.1,7,1,0
Russia,1999,0.0,60.1,6197,1,0
Russia,2000,0.0,60.1,4333,1,1
Russia,2001,0.0,60.1,992,1,1
Russia,2002,0.0,60.1,1508,1,0
Russia,2003,0.0,60.1,548,1,0
Russia,2004,0.0,60.1,1317,1,0
Russia,2005,0.0,60.1,688,1,0
Russia,2006,0.0,60.1,260,1,0
Russia,2007,0.0,60.1,182,1,0
Russia,2008,0.0,60.1,410,1,1
Russia,2009,0.0,60.1,698,1,1
Russia,2010,0.0,60.1,481,1,0
Russia,2011,0.0,60.1,396,1,0
Russia,2012,0.0,60.1,525,1,0
Russia,2013,0.0,60.1,365,1,0
Russia,2014,0.0,60.1,176,1,0
Russia,2015,0.0,60.1,86,1,0
Russia,2016,0.0,60.1,78,1,0
Russia,2017,0.0,60.1,53,1,0
Russia,2018,0.0,60.1,38,1,0
Russia,2019,0.0,60.1,26,1,0
Russia,2020,0.0,60.1,33,1,1
Russia,2021,0.0,60.1,2,1,1
Russia,2022,0.0,60.1,67,1,1
Russia,2023,0.0,60.1,204,1,0
Russia,2024,0.0,60.1,7819,1,0
Rwanda,1990,0.0,60.1,2647,1,0
Rwanda,1991,0.0,60.1,1102,1,0
Rwanda,1992,0.0,60.1,647,1,0
Rwanda,1993,0.0,60.1,977,1,0
Rwanda,1994,0.0,60.1,772463,1,0
Rwanda,1995,0.0,60.1,4232,1,0
Rwanda,1996,0.0,60.1,876,1,0
Rwanda,1997,0.0,60.1,7201,1,0
Rwanda,1998,0.0,60.1,1774,1,0
Rwanda,1999,0.0,60.1,29,1,0
Rwanda,2001,0.0,60.1,2044,1,1
Rwanda,2004,0.0,60.1,16,1,0
Rwanda,2009,0.0,60.1,2,1,1
Rwanda,2011,0.0,60.1,0,0,0
Rwanda,2012,0.0,60.1,13,1,0
Rwanda,2013,0.0,60.1,4,1,0
Rwanda,2016,0.0,60.1,27,1,0
Rwanda,2017,0.0,60.1,10,1,0
Rwanda,2018,0.0,60.1,18,1,0
Rwanda,2019,0.0,60.1,19,1,0
Rwanda,2021,0.0,60.1,7,1,1
Rwanda,2022,0.0,60.1,8,1,1
Rwanda,2024,0.0,60.1,1,1,0
Saudi Arabia,1991,0.0,60.1,91,1,0
Saudi Arabia,2003,0.0,60.1,26,1,0
Saudi Arabia,2004,0.0,60.1,91,1,0
Saudi Arabia,2005,0.0,60.1,31,1,0
Saudi Arabia,2006,0.0,60.1,11,1,0
Saudi Arabia,2007,0.0,60.1,2,1,0
Saudi Arabia,2015,0.0,60.1,113,1,0
Saudi Arabia,2016,0.0,60.1,125,1,0
Saudi Arabia,2017,0.0,60.1,45,1,0
Saudi Arabia,2018,0.0,60.1,11,1,0
Saudi Arabia,2019,0.0,60.1,6,1,0
Saudi Arabia,2020,0.0,60.1,0,0,1
Saudi Arabia,2021,0.0,60.1,6,1,1
Saudi Arabia,2023,0.0,60.1,9,1,0
Senegal,1989,0.0,60.1,121,1,0
Senegal,1990,0.0,60.1,84,1,0
Senegal,1991,0.0,60.1,16,1,0
Senegal,1992,0.0,60.1,135,1,0
Senegal,1993,0.0,60.1,285,1,0
Senegal,1995,0.0,60.1,329,1,0
Senegal,1996,0.0,60.1,5,1,0
Senegal,1997,0.0,60.1,366,1,0
Senegal,1998,0.0,60.1,343,1,0
Senegal,1999,0.0,60.1,31,1,0
Senegal,2000,0.0,60.1,56,1,1
Senegal,2001,0.0,60.1,47,1,1
Senegal,2002,0.0,60.1,45,1,0
Senegal,2003,0.0,60.1,39,1,0
Senegal,2004,0.0,60.1,3,1,0
Senegal,2005,0.0,60.1,46,1,0
Senegal,2006,0.0,60.1,126,1,0
Senegal,2008,0.0,60.1,11,1,1
Senegal,2009,0.0,60.1,19,1,1
Senegal,2010,0.0,60.1,19,1,0
Senegal,2011,0.0,60.1,37,1,0
Senegal,2012,0.0,60.1,23,1,0
Senegal,2013,0.0,60.1,8,1,0
Senegal,2018,0.0,60.1,1,1,0
Senegal,2020,0.0,60.1,0,0,1
Senegal,2021,0.0,60.1,0,0,1
Serbia,1991,0.0,60.1,3295,1,0
Serbia,1992,0.0,60.1,1868,1,0
Serbia,1995,0.0,60.1,0,0,0
Serbia,1996,0.0,60.1,2,1,0
Serbia,1997,0.0,60.1,9,1,0
Serbia,1998,0.0,60.1,1446,1,0
Serbia,1999,0.0,60.1,2153,1,0
Serbia,2001,0.0,60.1,0,0,1
Serbia,2016,130203.355,60.1,0,0,0
Serbia,2017,133517.243,60.1,0,0,0
Serbia,2018,427472.089,60.1,0,0,0
Serbia,2019,166208.622,60.1,0,0,0
Serbia,2020,164520.531,60.1,0,0,1
Serbia,2021,238683.474,60.1,0,0,1
Serbia,2022,201558.536,60.1,0,0,1
Serbia,2023,236264.636,60.1,0,0,0
Sierra Leone,1991,0.0,60.1,1225,1,0
Sierra Leone,1992,0.0,60.1,531,1,0
Sierra Leone,1993,0.0,60.1,642,1,0
Sierra Leone,1994,0.0,60.1,2097,1,0
Sierra Leone,1995,0.0,60.1,3194,1,0
Sierra Leone,1996,0.0,60.1,943,1,0
Sierra Leone,1997,0.0,60.1,1233,1,0
Sierra Leone,1998,0.0,60.1,5155,1,0
Sierra Leone,1999,0.0,60.1,4493,1,0
Sierra Leone,2000,0.0,60.1,856,1,1
Sierra Leone,2001,0.0,60.1,73,1,1
Sierra Leone,2002,0.0,60.1,1,1,0
Sierra Leone,2021,0.0,60.1,1,1,1
Singapore,2016,887197.152,60.1,0,0,0
Singapore,2017,1049729.71,60.1,0,0,0
Singapore,2018,1261311.125,60.1,0,0,0
Singapore,2019,1353513.705,60.1,0,0,0
Singapore,2020,1312710.951,60.1,0,0,1
Singapore,2021,1811365.229,60.1,0,0,1
Singapore,2022,1979291.343,60.1,0,0,1
Singapore,2023,1902771.391,60.1,0,0,0
Slovakia,2016,809489.5160000001,60.1,0,0,0
Slovakia,2017,680529.248,60.1,0,0,0
Slovakia,2018,896407.139,60.1,0,0,0
Slovakia,2019,787768.979,60.1,0,0,0
Slovakia,2020,819000.726,60.1,0,0,1
Slovakia,2021,944871.402,60.1,0,0,1
Slovakia,2022,861344.035,60.1,0,0,1
Slovakia,2023,1446751.672,60.1,0,0,0
Slovenia,2016,138505.681,60.1,0,0,0
Slovenia,2017,172360.997,60.1,0,0,0
Slovenia,2018,265501.6,60.1,0,0,0
Slovenia,2019,169165.026,60.1,0,0,0
Slovenia,2020,299972.458,60.1,0,0,1
Slovenia,2021,391784.267,60.1,0,0,1
Slovenia,2022,341831.594,60.1,0,0,1
Slovenia,2023,384066.394,60.1,0,0,0
Small Island Developing States (SIDS),2015,0.0,60.1,0,0,0
Small Island Developing States (SIDS),2015,0.0,33.9,0,0,0
Small Island Developing States (SIDS),2016,0.0,61.4,0,0,0
Small Island Developing States (SIDS),2016,0.0,34.4,0,0,0
Small Island Developing States (SIDS),2017,0.0,62.5,0,0,0
Small Island Developing States (SIDS),2018,0.0,64.1,0,0,0
Small Island Developing States (SIDS),2020,0.0,79.0,0,0,1
Small Island Developing States (SIDS),2021,0.0,80.4,0,0,1
Small Island Developing States (SIDS),2022,0.0,81.7,0,0,1
Small Island Developing States (SIDS),2023,0.0,84.0,0,0,0
Small Island Developing States (SIDS),2025,0.0,32.5,0,0,0
Solomon Islands,1992,0.0,82.7,2,1,0
Somalia,1989,0.0,82.7,1061,1,0
Somalia,1990,0.0,82.7,2700,1,0
Somalia,1991,0.0,82.7,8455,1,0
Somalia,1992,0.0,82.7,4729,1,0
Somalia,1993,0.0,82.7,483,1,0
Somalia,1994,0.0,82.7,626,1,0
Somalia,1995,0.0,82.7,444,1,0
Somalia,1996,0.0,82.7,949,1,0
Somalia,1997,0.0,82.7,277,1,0
Somalia,1998,0.0,82.7,330,1,0
Somalia,1999,0.0,82.7,542,1,0
Somalia,2000,0.0,82.7,185,1,1
Somalia,2001,0.0,82.7,483,1,1
Somalia,2002,0.0,82.7,638,1,0
Somalia,2003,0.0,82.7,405,1,0
Somalia,2004,0.0,82.7,670,1,0
Somalia,2005,0.0,82.7,340,1,0
Somalia,2006,0.0,82.7,1204,1,0
Somalia,2007,0.0,82.7,1620,1,0
Somalia,2008,0.0,82.7,1751,1,1
Somalia,2009,0.0,82.7,2204,1,1
Somalia,2010,0.0,82.7,2722,1,0
Somalia,2011,0.0,82.7,2118,1,0
Somalia,2012,0.0,82.7,2989,1,0
Somalia,2013,0.0,82.7,1045,1,0
Somalia,2014,0.0,82.7,1247,1,0
Somalia,2015,0.0,82.7,1254,1,0
Somalia,2016,0.0,82.7,2073,1,0
Somalia,2017,0.0,82.7,2071,1,0
Somalia,2018,0.0,82.7,2507,1,0
Somalia,2019,0.0,82.7,2219,1,0
Somalia,2020,0.0,82.7,2120,1,1
Somalia,2021,0.0,82.7,2269,1,1
Somalia,2022,0.0,82.7,3115,1,1
Somalia,2023,0.0,82.7,4216,1,0
Somalia,2024,0.0,82.7,2514,1,0
South Africa,1989,0.0,82.7,645,1,0
South Africa,1990,0.0,82.7,1459,1,0
South Africa,1991,0.0,82.7,737,1,0
South Africa,1992,0.0,82.7,761,1,0
South Africa,1993,0.0,82.7,895,1,0
South Africa,1994,0.0,82.7,532,1,0
South Africa,1995,0.0,82.7,143,1,0
South Africa,1996,0.0,82.7,156,1,0
South Africa,1997,0.0,82.7,30,1,0
South Africa,1998,0.0,82.7,44,1,0
South Africa,1999,0.0,82.7,19,1,0
South Africa,2000,0.0,82.7,0,0,1
South Africa,2002,0.0,82.7,2,1,0
South Africa,2004,0.0,82.7,0,0,0
South Africa,2010,0.0,82.7,1,1,0
South Africa,2015,0.0,82.7,0,0,0
South Africa,2016,0.0,82.7,3,1,0
South Africa,2018,0.0,82.7,12,1,0
South Africa,2019,0.0,82.7,8,1,0
South Africa,2020,0.0,82.7,29,1,1
South Africa,2021,0.0,82.7,123,1,1
South Africa,2022,0.0,82.7,4,1,1
South Africa,2023,0.0,82.7,5,1,0
South Africa,2024,0.0,82.7,2,1,0
South Sudan,2011,0.0,82.7,1194,1,0
South Sudan,2012,0.0,82.7,864,1,0
South Sudan,2013,0.0,82.7,1827,1,0
South Sudan,2014,0.0,82.7,2491,1,0
South Sudan,2015,0.0,82.7,1137,1,0
South Sudan,2016,0.0,82.7,1303,1,0
South Sudan,2017,0.0,82.7,1271,1,0
South Sudan,2018,0.0,82.7,1229,1,0
South Sudan,2019,0.0,82.7,642,1,0
South Sudan,2020,0.0,82.7,748,1,1
South Sudan,2021,0.0,82.7,891,1,1
South Sudan,2022,0.0,82.7,728,1,1
South Sudan,2023,0.0,82.7,224,1,0
South Sudan,2024,0.0,82.7,697,1,0
Spain,1989,0.0,82.7,17,1,0
Spain,1990,0.0,82.7,19,1,0
Spain,1991,0.0,82.7,45,1,0
Spain,1992,0.0,82.7,23,1,0
Spain,1993,0.0,82.7,12,1,0
Spain,1994,0.0,82.7,11,1,0
Spain,1995,0.0,82.7,13,1,0
Spain,1996,0.0,82.7,4,1,0
Spain,1997,0.0,82.7,12,1,0
Spain,1998,0.0,82.7,7,1,0
Spain,2000,0.0,82.7,20,1,1
Spain,2001,0.0,82.7,13,1,1
Spain,2002,0.0,82.7,5,1,0
Spain,2003,0.0,82.7,3,1,0
Spain,2004,0.0,82.7,191,1,0
Spain,2008,0.0,82.7,2,1,1
Spain,2009,0.0,82.7,3,1,1
Spain,2016,9519922.087,82.7,0,0,0
Spain,2017,10464184.043,82.7,16,1,0
Spain,2018,12056509.313,82.7,0,0,0
Spain,2019,12197983.134,82.7,0,0,0
Spain,2020,11106663.982,82.7,0,0,1
Spain,2021,13334610.625,82.7,0,0,1
Spain,2022,9506902.097,82.7,0,0,1
Spain,2023,16040660.663,82.7,2,1,0
Sri Lanka,1989,0.0,82.7,1288,1,0
Sri Lanka,1990,0.0,82.7,4840,1,0
Sri Lanka,1991,0.0,82.7,6646,1,0
Sri Lanka,1992,0.0,82.7,4444,1,0
Sri Lanka,1993,0.0,82.7,2084,1,0
Sri Lanka,1994,0.0,82.7,712,1,0
Sri Lanka,1995,0.0,82.7,4971,1,0
Sri Lanka,1996,0.0,82.7,4097,1,0
Sri Lanka,1997,0.0,82.7,2902,1,0
Sri Lanka,1998,0.0,82.7,3830,1,0
Sri Lanka,1999,0.0,82.7,1948,1,0
Sri Lanka,2000,0.0,82.7,2569,1,1
Sri Lanka,2001,0.0,82.7,1162,1,1
Sri Lanka,2002,0.0,82.7,17,1,0
Sri Lanka,2003,0.0,82.7,33,1,0
Sri Lanka,2004,0.0,82.7,84,1,0
Sri Lanka,2005,0.0,82.7,130,1,0
Sri Lanka,2006,0.0,82.7,2173,1,0
Sri Lanka,2007,0.0,82.7,2564,1,0
Sri Lanka,2008,0.0,82.7,8453,1,1
Sri Lanka,2009,0.0,82.7,10418,1,1
Sri Lanka,2011,0.0,82.7,2,1,0
Sri Lanka,2013,0.0,82.7,5,1,0
Sri Lanka,2017,0.0,82.7,1,1,0
Sri Lanka,2019,0.0,82.7,255,1,0
Sudan,1989,0.0,82.7,7533,1,0
Sudan,1990,0.0,82.7,5335,1,0
Sudan,1991,0.0,82.7,4566,1,0
Sudan,1992,0.0,82.7,4314,1,0
Sudan,1993,0.0,82.7,6042,1,0
Sudan,1994,0.0,82.7,977,1,0
Sudan,1995,0.0,82.7,1494,1,0
Sudan,1996,0.0,82.7,2735,1,0
Sudan,1997,0.0,82.7,4872,1,0
Sudan,1998,0.0,82.7,5958,1,0
Sudan,1999,0.0,82.7,2067,1,0
Sudan,2000,0.0,82.7,3537,1,1
Sudan,2001,0.0,82.7,3719,1,1
Sudan,2002,0.0,82.7,3207,1,0
Sudan,2003,0.0,82.7,5010,1,0
Sudan,2004,0.0,82.7,9712,1,0
Sudan,2005,0.0,82.7,1505,1,0
Sudan,2006,0.0,82.7,2187,1,0
Sudan,2007,0.0,82.7,1180,1,0
Sudan,2008,0.0,82.7,1241,1,1
Sudan,2009,0.0,82.7,2689,1,1
Sudan,2010,0.0,82.7,1790,1,0
Sudan,2011,0.0,82.7,2567,1,0
Sudan,2012,0.0,82.7,1525,1,0
Sudan,2013,0.0,82.7,1959,1,0
Sudan,2014,0.0,82.7,1912,1,0
Sudan,2015,0.0,82.7,2558,1,0
Sudan,2016,0.0,82.7,1997,1,0
Sudan,2017,0.0,82.7,548,1,0
Sudan,2018,0.0,82.7,432,1,0
Sudan,2019,0.0,82.7,435,1,0
Sudan,2020,0.0,82.7,627,1,1
Sudan,2021,0.0,82.7,862,1,1
Sudan,2022,0.0,82.7,1407,1,1
Sudan,2023,0.0,82.7,7837,1,0
Sudan,2024,0.0,82.7,7103,1,0
Sweden,2017,0.0,82.7,5,1,0
Syria,2004,0.0,82.7,8,1,0
Syria,2008,0.0,82.7,1,1,1
Syria,2011,0.0,82.7,4347,1,0
Syria,2012,0.0,82.7,53699,1,0
Syria,2013,0.0,82.7,76500,1,0
Syria,2014,0.0,82.7,78689,1,0
Syria,2015,0.0,82.7,59609,1,0
Syria,2016,0.0,82.7,53891,1,0
Syria,2017,0.0,82.7,38517,1,0
Syria,2018,0.0,82.7,21730,1,0
Syria,2019,0.0,82.7,11208,1,0
Syria,2020,0.0,82.7,5690,1,1
Syria,2021,0.0,82.7,1948,1,1
Syria,2022,0.0,82.7,1671,1,1
Syria,2023,0.0,82.7,2187,1,0
Syria,2024,0.0,82.7,3616,1,0
Tajikistan,1992,0.0,82.7,3859,1,0
Tajikistan,1993,0.0,82.7,1045,1,0
Tajikistan,1994,0.0,82.7,366,1,0
Tajikistan,1995,0.0,82.7,368,1,0
Tajikistan,1996,0.0,82.7,2797,1,0
Tajikistan,1997,0.0,82.7,97,1,0
Tajikistan,1998,0.0,82.7,600,1,0
Tajikistan,1999,0.0,82.7,4,1,0
Tajikistan,2000,0.0,82.7,46,1,1
Tajikistan,2005,0.0,82.7,1,1,0
Tajikistan,2006,0.0,82.7,8,1,0
Tajikistan,2009,0.0,82.7,17,1,1
Tajikistan,2010,0.0,82.7,98,1,0
Tajikistan,2011,0.0,82.7,28,1,0
Tajikistan,2013,0.0,82.7,3,1,0
Tajikistan,2014,0.0,82.7,3,1,0
Tajikistan,2018,0.0,82.7,56,1,0
Tajikistan,2019,0.0,82.7,53,1,0
Tajikistan,2021,0.0,82.7,16,1,1
Tajikistan,2022,0.0,82.7,87,1,1
Tanzania,1992,0.0,82.7,1,1,0
Tanzania,1996,0.0,82.7,10,1,0
Tanzania,1997,0.0,82.7,3,1,0
Tanzania,1999,0.0,82.7,0,0,0
Tanzania,2001,0.0,82.7,37,1,1
Tanzania,2007,0.0,82.7,3,1,0
Tanzania,2012,0.0,82.7,1,1,0
Tanzania,2014,0.0,82.7,10,1,0
Tanzania,2017,0.0,82.7,1,1,0
Tanzania,2018,0.0,82.7,1,1,0
Tanzania,2019,0.0,82.7,8,1,0
Tanzania,2020,0.0,82.7,44,1,1
Tanzania,2021,0.0,82.7,26,1,1
Tanzania,2022,0.0,82.7,4,1,1
Tanzania,2024,0.0,82.7,6,1,0
Thailand,1989,0.0,82.7,6,1,0
Thailand,1990,0.0,82.7,20,1,0
Thailand,1991,0.0,82.7,2,1,0
Thailand,1992,0.0,82.7,0,0,0
Thailand,1993,0.0,82.7,1,1,0
Thailand,1994,0.0,82.7,1,1,0
Thailand,1995,0.0,82.7,12,1,0
Thailand,1996,0.0,82.7,1,1,0
Thailand,1997,0.0,82.7,7,1,0
Thailand,1998,0.0,82.7,12,1,0
Thailand,1999,0.0,82.7,1,1,0
Thailand,2000,0.0,82.7,8,1,1
Thailand,2001,0.0,82.7,25,1,1
Thailand,2002,0.0,82.7,23,1,0
Thailand,2003,0.0,82.7,26,1,0
Thailand,2004,0.0,82.7,310,1,0
Thailand,2005,0.0,82.7,494,1,0
Thailand,2006,0.0,82.7,541,1,0
Thailand,2007,0.0,82.7,518,1,0
Thailand,2008,0.0,82.7,328,1,1
Thailand,2009,0.0,82.7,258,1,1
Thailand,2010,0.0,82.7,221,1,0
Thailand,2011,0.0,82.7,277,1,0
Thailand,2012,0.0,82.7,244,1,0
Thailand,2013,0.0,82.7,249,1,0
Thailand,2014,0.0,82.7,100,1,0
Thailand,2015,269203.027,82.7,84,1,0
Thailand,2016,383136.393,82.7,69,1,0
Thailand,2017,429273.988,82.7,50,1,0
Thailand,2018,601525.632,82.7,61,1,0
Thailand,2019,667175.407,82.7,60,1,0
Thailand,2020,587455.581,82.7,47,1,1
Thailand,2021,636321.561,82.7,41,1,1
Thailand,2022,664752.352,82.7,36,1,1
Thailand,2023,682647.528,82.7,31,1,0
Thailand,2024,696490.02,82.7,40,1,0
Togo,1991,0.0,82.7,63,1,0
Togo,1992,0.0,82.7,5,1,0
Togo,1993,0.0,82.7,48,1,0
Togo,1998,0.0,82.7,9,1,0
Togo,2005,0.0,82.7,436,1,0
Togo,2019,0.0,82.7,1,1,0
Togo,2022,0.0,82.7,62,1,1
Togo,2023,0.0,82.7,76,1,0
Togo,2024,0.0,82.7,68,1,0
Trinidad and Tobago,1990,0.0,82.7,39,1,0
Tunisia,2002,0.0,82.7,21,1,0
Tunisia,2011,0.0,82.7,8,1,0
Tunisia,2012,0.0,82.7,3,1,0
Tunisia,2013,0.0,82.7,29,1,0
Tunisia,2014,0.0,82.7,51,1,0
Tunisia,2015,0.0,82.7,137,1,0
Tunisia,2016,0.0,82.7,88,1,0
Tunisia,2017,0.0,82.7,15,1,0
Tunisia,2018,0.0,82.7,25,1,0
Tunisia,2019,0.0,82.7,20,1,0
Tunisia,2020,0.0,82.7,12,1,1
Tunisia,2021,0.0,82.7,18,1,1
Tunisia,2022,0.0,82.7,3,1,1
Tunisia,2023,0.0,82.7,3,1,0
Turkey,1989,0.0,82.7,538,1,0
Turkey,1990,0.0,82.7,630,1,0
Turkey,1991,0.0,82.7,448,1,0
Turkey,1992,0.0,82.7,1926,1,0
Turkey,1993,0.0,82.7,2765,1,0
Turkey,1994,0.0,82.7,4182,1,0
Turkey,1995,0.0,82.7,3650,1,0
Turkey,1996,0.0,82.7,3811,1,0
Turkey,1997,0.0,82.7,2600,1,0
Turkey,1998,0.0,82.7,2058,1,0
Turkey,1999,0.0,82.7,1155,1,0
Turkey,2000,0.0,82.7,153,1,1
Turkey,2001,0.0,82.7,120,1,1
Turkey,2002,0.0,82.7,34,1,0
Turkey,2003,0.0,82.7,150,1,0
Turkey,2004,0.0,82.7,221,1,0
Turkey,2005,0.0,82.7,295,1,0
Turkey,2006,0.0,82.7,226,1,0
Turkey,2007,0.0,82.7,502,1,0
Turkey,2008,0.0,82.7,491,1,1
Turkey,2009,0.0,82.7,138,1,1
Turkey,2010,0.0,82.7,234,1,0
Turkey,2011,0.0,82.7,410,1,0
Turkey,2012,0.0,82.7,789,1,0
Turkey,2013,0.0,82.7,75,1,0
Turkey,2014,0.0,82.7,11,1,0
Turkey,2015,0.0,82.7,1061,1,0
Turkey,2016,0.0,82.7,1561,1,0
Turkey,2017,0.0,82.7,462,1,0
Turkey,2018,0.0,82.7,461,1,0
Turkey,2019,0.0,82.7,311,1,0
Turkey,2020,0.0,82.7,226,1,1
Turkey,2021,0.0,82.7,132,1,1
Turkey,2022,0.0,82.7,107,1,1
Turkey,2023,0.0,82.7,108,1,0
Turkey,2024,0.0,82.7,43,1,0
Uganda,1989,0.0,82.7,1057,1,0
Uganda,1990,0.0,82.7,809,1,0
Uganda,1991,0.0,82.7,1018,1,0
Uganda,1992,0.0,82.7,76,1,0
Uganda,1994,0.0,82.7,160,1,0
Uganda,1995,0.0,82.7,537,1,0
Uganda,1996,0.0,82.7,1798,1,0
Uganda,1997,0.0,82.7,1354,1,0
Uganda,1998,0.0,82.7,1214,1,0
Uganda,1999,0.0,82.7,1024,1,0
Uganda,2000,0.0,82.7,1238,1,1
Uganda,2001,0.0,82.7,212,1,1
Uganda,2002,0.0,82.7,1316,1,0
Uganda,2003,0.0,82.7,1628,1,0
Uganda,2004,0.0,82.7,2004,1,0
Uganda,2005,0.0,82.7,922,1,0
Uganda,2006,0.0,82.7,334,1,0
Uganda,2007,0.0,82.7,156,1,0
Uganda,2008,0.0,82.7,32,1,1
Uganda,2009,0.0,82.7,59,1,1
Uganda,2010,0.0,82.7,74,1,0
Uganda,2014,0.0,82.7,7,1,0
Uganda,2016,0.0,82.7,30,1,0
Uganda,2017,0.0,82.7,0,0,0
Uganda,2018,0.0,82.7,2,1,0
Uganda,2019,0.0,82.7,2,1,0
Uganda,2021,0.0,82.7,23,1,1
Uganda,2022,0.0,82.7,25,1,1
Uganda,2023,0.0,82.7,79,1,0
Uganda,2024,0.0,82.7,1,1,0
Ukraine,2014,0.0,82.7,4946,1,0
Ukraine,2015,0.0,82.7,1894,1,0
Ukraine,2016,0.0,82.7,699,1,0
Ukraine,2017,0.0,82.7,447,1,0
Ukraine,2018,0.0,82.7,243,1,0
Ukraine,2019,0.0,82.7,311,1,0
Ukraine,2020,0.0,82.7,196,1,1
Ukraine,2021,0.0,82.7,208,1,1
Ukraine,2022,0.0,82.7,92615,1,1
Ukraine,2023,0.0,82.7,75393,1,0
Ukraine,2024,0.0,82.7,68116,1,0
United Arab Emirates,2010,0.0,82.7,1,1,0
United Arab Emirates,2022,0.0,82.7,3,1,1
United Kingdom,1989,0.0,82.7,41,1,0
United Kingdom,1990,0.0,82.7,47,1,0
United Kingdom,1991,0.0,82.7,38,1,0
United Kingdom,1992,0.0,82.7,39,1,0
United Kingdom,1993,0.0,82.7,47,1,0
United Kingdom,1994,0.0,82.7,16,1,0
United Kingdom,1996,0.0,82.7,2,1,0
United Kingdom,1997,0.0,82.7,5,1,0
United Kingdom,1998,0.0,82.7,31,1,0
United Kingdom,2000,0.0,82.7,1,1,1
United Kingdom,2001,0.0,82.7,1,1,1
United Kingdom,2002,0.0,82.7,3,1,0
United Kingdom,2003,0.0,82.7,1,1,0
United Kingdom,2004,0.0,82.7,1,1,0
United Kingdom,2005,0.0,82.7,53,1,0
United Kingdom,2006,0.0,82.7,0,0,0
United Kingdom,2009,0.0,82.7,2,1,1
United Kingdom,2011,0.0,82.7,1,1,0
United Kingdom,2012,8844367.168,82.7,0,0,0
United Kingdom,2013,10321098.767,82.7,0,0,0
United Kingdom,2014,17135580.592,82.7,0,0,0
United Kingdom,2015,15000943.887,82.7,0,0,0
United Kingdom,2016,13499641.847,82.7,0,0,0
United Kingdom,2017,14932237.046,82.7,0,0,0
United Kingdom,2018,18180288.975,82.7,0,0,0
United Kingdom,2019,24594575.613,82.7,4,1,0
United Kingdom,2021,3362835.767,82.7,0,0,1
United States,2001,0.0,82.7,2986,1,1
United States,2010,0.0,82.7,2,1,0
United States,2012,13905393.0,82.7,0,0,0
United States,2013,15106142.0,82.7,0,0,0
United States,2014,16428673.0,82.7,0,0,0
United States,2015,19655547.0,82.7,14,1,0
United States,2016,20088659.0,82.7,0,0,0
United States,2017,22664532.0,82.7,8,1,0
United States,2018,24357695.0,82.7,1,1,0
United States,2019,25306253.0,82.7,4,1,0
United States,2020,25470742.0,82.7,0,0,1
United States,2021,29776955.0,82.7,0,0,1
United States,2022,17393689.0,82.7,1,1,1
Upper-middle-income,2015,0.0,82.7,0,0,0
Upper-middle-income,2015,0.0,80.8,0,0,0
Upper-middle-income,2016,0.0,85.3,0,0,0
Upper-middle-income,2016,0.0,82.6,0,0,0
Upper-middle-income,2017,0.0,86.9,0,0,0
Upper-middle-income,2018,0.0,88.8,0,0,0
Upper-middle-income,2020,0.0,87.2,0,0,1
Upper-middle-income,2021,0.0,88.7,0,0,1
Upper-middle-income,2022,0.0,89.6,0,0,1
Upper-middle-income,2023,0.0,91.5,0,0,0
Upper-middle-income,2025,0.0,73.4,0,0,0
Uzbekistan,1999,0.0,67.0,50,1,0
Uzbekistan,2000,0.0,67.0,297,1,1
Uzbekistan,2004,0.0,67.0,37,1,0
Uzbekistan,2009,0.0,67.0,16,1,1
Venezuela,1989,0.0,67.0,58,1,0
Venezuela,1990,0.0,67.0,64,1,0
Venezuela,1991,0.0,67.0,30,1,0
Venezuela,1992,0.0,67.0,223,1,0
Venezuela,1993,0.0,67.0,63,1,0
Venezuela,1994,0.0,67.0,164,1,0
Venezuela,1995,0.0,67.0,28,1,0
Venezuela,1996,0.0,67.0,33,1,0
Venezuela,1997,0.0,67.0,33,1,0
Venezuela,1998,0.0,67.0,10,1,0
Venezuela,1999,0.0,67.0,26,1,0
Venezuela,2000,0.0,67.0,27,1,1
Venezuela,2001,0.0,67.0,27,1,1
Venezuela,2002,0.0,67.0,27,1,0
Venezuela,2003,0.0,67.0,25,1,0
Venezuela,2004,0.0,67.0,31,1,0
Venezuela,2005,0.0,67.0,30,1,0
Venezuela,2006,0.0,67.0,22,1,0
Venezuela,2007,0.0,67.0,17,1,0
Venezuela,2008,0.0,67.0,27,1,1
Venezuela,2009,0.0,67.0,27,1,1
Venezuela,2010,0.0,67.0,23,1,0
Venezuela,2011,0.0,67.0,11,1,0
Venezuela,2012,0.0,67.0,33,1,0
Venezuela,2013,0.0,67.0,9,1,0
Venezuela,2014,0.0,67.0,49,1,0
Venezuela,2015,0.0,67.0,32,1,0
Venezuela,2016,0.0,67.0,60,1,0
Venezuela,2017,0.0,67.0,76,1,0
Venezuela,2018,0.0,67.0,94,1,0
Venezuela,2019,0.0,67.0,83,1,0
Venezuela,2020,0.0,67.0,5,1,1
Venezuela,2021,0.0,67.0,20,1,1
Venezuela,2022,0.0,67.0,39,1,1
Venezuela,2023,0.0,67.0,16,1,0
Venezuela,2024,0.0,67.0,12,1,0
World,2015,0.0,67.0,0,0,0
World,2015,0.0,55.8,0,0,0
World,2016,0.0,69.2,0,0,0
World,2016,0.0,58.2,0,0,0
World,2017,0.0,71.2,0,0,0
World,2018,0.0,73.6,0,0,0
World,2020,0.0,80.3,0,0,1
World,2021,0.0,81.8,0,0,1
World,2022,0.0,83.0,0,0,1
World,2023,0.0,85.4,0,0,0
World,2025,0.0,50.3,0,0,0
Yemen,1994,0.0,0.0,1489,1,0
Yemen,2000,0.0,0.0,19,1,1
Yemen,2002,0.0,0.0,2,1,0
Yemen,2003,0.0,0.0,6,1,0
Yemen,2004,0.0,0.0,29,1,0
Yemen,2008,0.0,0.0,21,1,1
Yemen,2009,0.0,0.0,94,1,1
Yemen,2010,0.0,0.0,201,1,0
Yemen,2011,0.0,0.0,1430,1,0
Yemen,2012,0.0,0.0,2461,1,0
Yemen,2013,0.0,0.0,578,1,0
Yemen,2014,0.0,0.0,2364,1,0
Yemen,2015,0.0,0.0,8125,1,0
Yemen,2016,0.0,0.0,4027,1,0
Yemen,2017,0.0,0.0,3620,1,0
Yemen,2018,0.0,0.0,4996,1,0
Yemen,2019,0.0,0.0,2959,1,0
Yemen,2020,0.0,0.0,6754,1,1
Yemen,2021,0.0,0.0,23463,1,1
Yemen,2022,0.0,0.0,3220,1,1
Yemen,2023,0.0,0.0,931,1,0
Yemen,2024,0.0,0.0,990,1,0
Zambia,1989,0.0,0.0,87,1,0
Zambia,1990,0.0,0.0,40,1,0
Zambia,1993,0.0,0.0,1,1,0
Zambia,2000,0.0,0.0,1,1,1
Zambia,2001,0.0,0.0,7,1,1
Zimbabwe,1989,0.0,0.0,37,1,0
Zimbabwe,1990,0.0,0.0,14,1,0
Zimbabwe,1995,0.0,0.0,4,1,0
Zimbabwe,1998,0.0,0.0,1,1,0
Zimbabwe,1999,0.0,0.0,1,1,0
Zimbabwe,2001,0.0,0.0,0,0,1
Zimbabwe,2003,0.0,0.0,0,0,0
Zimbabwe,2007,0.0,0.0,0,0,0
Zimbabwe,2008,0.0,0.0,253,1,1
Zimbabwe,2009,0.0,0.0,0,0,1
Zimbabwe,2011,0.0,0.0,1,1,0
Zimbabwe,2012,0.0,0.0,1,1,0
Zimbabwe,2018,0.0,0.0,4,1,0
Zimbabwe,2019,0.0,0.0,8,1,0
Zimbabwe,2020,0.0,0.0,2,1,1
