country,year,deaths_total
Afghanistan,1989,5411
Afghanistan,1990,1514
Afghanistan,1991,3553
Afghanistan,1992,4385
Afghanistan,1993,4105
Afghanistan,1994,9056
Afghanistan,1995,5618
Afghanistan,1996,3595
Afghanistan,1997,6721
Afghanistan,1998,12174
Afghanistan,1999,5065
Afghanistan,2000,5394
Afghanistan,2001,5553
Afghanistan,2002,1157
Afghanistan,2003,944
Afghanistan,2004,817
Afghanistan,2005,1711
Afghanistan,2006,4982
Afghanistan,2007,7037
Afghanistan,2008,5661
Afghanistan,2009,6499
Afghanistan,2010,7151
Afghanistan,2011,7563
Afghanistan,2012,7783
Afghanistan,2013,8131
Afghanistan,2014,12549
Afghanistan,2015,18018
Afghanistan,2016,19025
Afghanistan,2017,19784
Afghanistan,2018,26895
Afghanistan,2019,30435
Afghanistan,2020,20834
Afghanistan,2021,36386
Afghanistan,2022,1574
Afghanistan,2023,360
Afghanistan,2024,353
Albania,1999,26
Algeria,1990,1
Algeria,1991,34
Algeria,1992,274
Algeria,1993,826
Algeria,1994,1943
Algeria,1995,3059
Algeria,1996,1091
Algeria,1997,2008
Algeria,1998,3284
Algeria,1999,1168
Algeria,2000,1193
Algeria,2001,674
Algeria,2002,1058
Algeria,2003,714
Algeria,2004,500
Algeria,2005,232
Algeria,2006,292
Algeria,2007,495
Algeria,2008,345
Algeria,2009,541
Algeria,2010,252
Algeria,2011,276
Algeria,2012,264
Algeria,2013,222
Algeria,2014,111
Algeria,2015,110
Algeria,2016,89
Algeria,2017,77
Algeria,2018,35
Algeria,2019,15
Algeria,2020,28
Algeria,2021,18
Algeria,2022,14
Algeria,2023,1
Algeria,2024,3
Angola,1989,2873
Angola,1990,2609
Angola,1991,516
Angola,1992,2352
Angola,1993,12398
Angola,1994,4009
Angola,1995,238
Angola,1996,32
Angola,1997,105
Angola,1998,1191
Angola,1999,2666
Angola,2000,1209
Angola,2001,2158
Angola,2002,579
Angola,2003,84
Angola,2004,38
Angola,2005,15
Angola,2006,3
Angola,2007,26
Angola,2008,4
Angola,2009,25
Angola,2010,10
Angola,2011,1
Angola,2013,2
Angola,2014,0
Angola,2015,1
Angola,2016,26
Angola,2017,26
Angola,2018,24
Angola,2019,26
Angola,2020,29
Angola,2021,13
Angola,2022,21
Angola,2023,0
Angola,2024,25
Argentina,1992,0
Argentina,1994,86
Armenia,1992,85
Armenia,1993,37
Armenia,1994,30
Armenia,1995,7
Armenia,2005,1
Armenia,2006,2
Armenia,2012,9
Armenia,2013,1
Armenia,2015,16
Armenia,2016,4
Armenia,2018,1
Armenia,2019,2
Armenia,2020,10
Armenia,2021,10
Armenia,2022,154
Armenia,2023,20
Australia,2018,2
Austria,2020,4
Azerbaijan,1991,35
Azerbaijan,1992,2856
Azerbaijan,1993,1194
Azerbaijan,1994,1489
Azerbaijan,1995,55
Azerbaijan,1996,5
Azerbaijan,1997,29
Azerbaijan,1998,34
Azerbaijan,1999,18
Azerbaijan,2000,13
Azerbaijan,2001,6
Azerbaijan,2004,8
Azerbaijan,2005,24
Azerbaijan,2006,5
Azerbaijan,2007,12
Azerbaijan,2008,30
Azerbaijan,2009,7
Azerbaijan,2010,20
Azerbaijan,2011,21
Azerbaijan,2012,16
Azerbaijan,2013,11
Azerbaijan,2014,46
Azerbaijan,2015,63
Azerbaijan,2016,137
Azerbaijan,2017,36
Azerbaijan,2018,16
Azerbaijan,2019,9
Azerbaijan,2020,7636
Azerbaijan,2021,30
Azerbaijan,2022,154
Azerbaijan,2023,442
Bahrain,2011,26
Bangladesh,1989,81
Bangladesh,1990,94
Bangladesh,1991,107
Bangladesh,1992,225
Bangladesh,1993,43
Bangladesh,1994,32
Bangladesh,1995,14
Bangladesh,1996,46
Bangladesh,1997,16
Bangladesh,1998,21
Bangladesh,1999,14
Bangladesh,2000,105
Bangladesh,2001,72
Bangladesh,2002,7
Bangladesh,2003,8
Bangladesh,2004,75
Bangladesh,2005,80
Bangladesh,2006,96
Bangladesh,2007,18
Bangladesh,2008,13
Bangladesh,2009,10
Bangladesh,2010,5
Bangladesh,2011,0
Bangladesh,2012,2
Bangladesh,2013,54
Bangladesh,2014,2
Bangladesh,2015,10
Bangladesh,2016,73
Bangladesh,2017,48
Bangladesh,2018,28
Bangladesh,2019,3
Bangladesh,2020,5
Bangladesh,2021,2
Bangladesh,2022,13
Bangladesh,2023,12
Bangladesh,2024,374
Belgium,2016,34
Belgium,2018,4
Belgium,2023,2
Benin,2019,1
Benin,2020,1
Benin,2021,11
Benin,2022,30
Benin,2023,46
Benin,2024,85
Bhutan,1997,4
Bhutan,2004,0
Bolivia,1998,2
Bolivia,2000,50
Bolivia,2021,1
Bolivia,2023,1
Bosnia-Herzegovina,1992,25171
Bosnia-Herzegovina,1993,13787
Bosnia-Herzegovina,1994,7312
Bosnia-Herzegovina,1995,17265
Botswana,1990,1
Brazil,1993,43
Brazil,1994,32
Brazil,1995,51
Brazil,1996,20
Brazil,1997,41
Brazil,1998,16
Brazil,1999,86
Brazil,2000,64
Brazil,2001,81
Brazil,2002,65
Brazil,2003,51
Brazil,2004,86
Brazil,2005,60
Brazil,2006,23
Brazil,2007,40
Brazil,2008,20
Brazil,2009,40
Brazil,2010,4
Brazil,2011,34
Brazil,2012,275
Brazil,2013,28
Brazil,2014,4
Brazil,2015,83
Brazil,2016,156
Brazil,2017,3062
Brazil,2018,2662
Brazil,2019,1731
Brazil,2020,2670
Brazil,2021,2661
Brazil,2022,1703
Brazil,2023,2481
Brazil,2024,1635
Burkina Faso,2016,26
Burkina Faso,2017,54
Burkina Faso,2018,195
Burkina Faso,2019,1246
Burkina Faso,2020,1167
Burkina Faso,2021,1458
Burkina Faso,2022,2704
Burkina Faso,2023,6122
Burkina Faso,2024,4251
Burundi,1990,7
Burundi,1991,342
Burundi,1992,61
Burundi,1993,10218
Burundi,1994,897
Burundi,1995,2828
Burundi,1996,18184
Burundi,1997,4395
Burundi,1998,1797
Burundi,1999,1852
Burundi,2000,2442
Burundi,2001,1634
Burundi,2002,1990
Burundi,2003,1283
Burundi,2004,734
Burundi,2005,485
Burundi,2006,251
Burundi,2007,79
Burundi,2008,257
Burundi,2009,0
Burundi,2011,4
Burundi,2012,14
Burundi,2013,16
Burundi,2014,61
Burundi,2015,265
Burundi,2016,93
Burundi,2017,43
Burundi,2018,116
Burundi,2019,75
Burundi,2020,145
Burundi,2021,81
Burundi,2022,48
Burundi,2023,125
Burundi,2024,70
Cambodia (Kampuchea),1989,814
Cambodia (Kampuchea),1990,377
Cambodia (Kampuchea),1991,322
Cambodia (Kampuchea),1992,193
Cambodia (Kampuchea),1993,484
Cambodia (Kampuchea),1994,572
Cambodia (Kampuchea),1995,723
Cambodia (Kampuchea),1996,846
Cambodia (Kampuchea),1997,444
Cambodia (Kampuchea),1998,274
Cambodia (Kampuchea),1999,0
Cambodia (Kampuchea),2000,4
Cambodia (Kampuchea),2003,1
Cambodia (Kampuchea),2007,2
Cambodia (Kampuchea),2008,2
Cambodia (Kampuchea),2009,2
Cambodia (Kampuchea),2011,10
Cambodia (Kampuchea),2012,1
Cameroon,1990,6
Cameroon,1991,50
Cameroon,1992,25
Cameroon,1993,47
Cameroon,1994,102
Cameroon,1996,56
Cameroon,1998,52
Cameroon,2000,2
Cameroon,2001,0
Cameroon,2004,0
Cameroon,2005,0
Cameroon,2008,0
Cameroon,2009,0
Cameroon,2013,1
Cameroon,2014,1047
Cameroon,2015,1263
Cameroon,2016,491
Cameroon,2017,410
Cameroon,2018,1013
Cameroon,2019,868
Cameroon,2020,792
Cameroon,2021,827
Cameroon,2022,667
Cameroon,2023,638
Cameroon,2024,421
Canada,1994,3
Canada,1995,24
Canada,1996,2
Canada,1997,2
Canada,1998,27
Canada,1999,11
Canada,2000,23
Canada,2001,1
Central African Republic,1991,0
Central African Republic,1992,3
Central African Republic,1993,4
Central African Republic,1999,5
Central African Republic,2000,6
Central African Republic,2001,216
Central African Republic,2002,152
Central African Republic,2003,19
Central African Republic,2004,23
Central African Republic,2005,8
Central African Republic,2006,190
Central African Republic,2007,143
Central African Republic,2008,8
Central African Republic,2009,244
Central African Republic,2010,148
Central African Republic,2011,195
Central African Republic,2012,132
Central African Republic,2013,3396
Central African Republic,2014,3493
Central African Republic,2015,745
Central African Republic,2016,688
Central African Republic,2017,1865
Central African Republic,2018,640
Central African Republic,2019,501
Central African Republic,2020,299
Central African Republic,2021,1080
Central African Republic,2022,773
Central African Republic,2023,423
Central African Republic,2024,485
Chad,1989,50
Chad,1990,686
Chad,1991,95
Chad,1992,1190
Chad,1993,313
Chad,1994,521
Chad,1995,53
Chad,1996,4
Chad,1997,134
Chad,1998,198
Chad,1999,394
Chad,2000,1070
Chad,2001,230
Chad,2002,297
Chad,2003,37
Chad,2004,80
Chad,2005,267
Chad,2006,1956
Chad,2007,431
Chad,2008,994
Chad,2009,135
Chad,2010,4
Chad,2014,16
Chad,2015,397
Chad,2016,26
Chad,2017,91
Chad,2018,168
Chad,2019,253
Chad,2020,249
Chad,2021,667
Chad,2022,114
Chad,2023,112
Chad,2024,195
China,1989,2600
China,1990,22
China,1997,4
China,1999,0
China,2005,12
China,2007,0
China,2008,87
China,2009,189
China,2015,5
China,2017,6
China,2023,1
Colombia,1989,384
Colombia,1990,712
Colombia,1991,872
Colombia,1992,1500
Colombia,1993,302
Colombia,1994,1211
Colombia,1995,943
Colombia,1996,1401
Colombia,1997,891
Colombia,1998,1646
Colombia,1999,2638
Colombia,2000,4388
Colombia,2001,4611
Colombia,2002,6012
Colombia,2003,4678
Colombia,2004,3380
Colombia,2005,2888
Colombia,2006,945
Colombia,2007,683
Colombia,2008,643
Colombia,2009,501
Colombia,2010,442
Colombia,2011,227
Colombia,2012,227
Colombia,2013,140
Colombia,2014,157
Colombia,2015,144
Colombia,2016,85
Colombia,2017,107
Colombia,2018,253
Colombia,2019,219
Colombia,2020,196
Colombia,2021,291
Colombia,2022,360
Colombia,2023,534
Colombia,2024,664
Comoros,1989,29
Comoros,1997,56
Comoros,1998,40
Congo,1992,2
Congo,1993,135
Congo,1994,18
Congo,1995,2
Congo,1996,1
Congo,1997,10412
Congo,1998,3763
Congo,1999,948
Congo,2001,3
Congo,2002,234
Congo,2003,33
Congo,2005,15
Congo,2007,2
Congo,2008,1
Congo,2011,1
Congo,2012,2
Congo,2015,0
Congo,2016,73
Congo,2017,20
Congo,2019,0
Congo,2020,0
Congo,2022,3
Croatia,1992,142
Croatia,1993,373
Croatia,1995,963
DR Congo (Zaire),1989,28
DR Congo (Zaire),1990,147
DR Congo (Zaire),1991,32
DR Congo (Zaire),1992,67
DR Congo (Zaire),1993,3337
DR Congo (Zaire),1994,332
DR Congo (Zaire),1995,526
DR Congo (Zaire),1996,34307
DR Congo (Zaire),1997,13897
DR Congo (Zaire),1998,7717
DR Congo (Zaire),1999,7849
DR Congo (Zaire),2000,3055
DR Congo (Zaire),2001,1490
DR Congo (Zaire),2002,7945
DR Congo (Zaire),2003,4324
DR Congo (Zaire),2004,782
DR Congo (Zaire),2005,305
DR Congo (Zaire),2006,390
DR Congo (Zaire),2007,879
DR Congo (Zaire),2008,1740
DR Congo (Zaire),2009,5308
DR Congo (Zaire),2010,1088
DR Congo (Zaire),2011,552
DR Congo (Zaire),2012,1838
DR Congo (Zaire),2013,2197
DR Congo (Zaire),2014,1624
DR Congo (Zaire),2015,737
DR Congo (Zaire),2016,2194
DR Congo (Zaire),2017,5975
DR Congo (Zaire),2018,3147
DR Congo (Zaire),2019,2529
DR Congo (Zaire),2020,4008
DR Congo (Zaire),2021,3723
DR Congo (Zaire),2022,5967
DR Congo (Zaire),2023,3936
DR Congo (Zaire),2024,5409
Djibouti,1989,6
Djibouti,1990,60
Djibouti,1991,134
Djibouti,1992,129
Djibouti,1993,33
Djibouti,1994,39
Djibouti,1995,18
Djibouti,1996,0
Djibouti,1997,11
Djibouti,1998,16
Djibouti,1999,25
Djibouti,2008,35
Djibouti,2014,1
Djibouti,2018,6
Djibouti,2021,3
Ecuador,1995,11
Ecuador,2001,2
Ecuador,2003,26
Ecuador,2005,3
Ecuador,2006,2
Ecuador,2007,2
Ecuador,2008,53
Ecuador,2019,2
Ecuador,2020,11
Ecuador,2021,291
Ecuador,2022,118
Ecuador,2023,540
Ecuador,2024,328
Egypt,1990,4
Egypt,1992,13
Egypt,1993,108
Egypt,1994,162
Egypt,1995,233
Egypt,1996,149
Egypt,1997,143
Egypt,1998,29
Egypt,1999,4
Egypt,2000,5
Egypt,2004,35
Egypt,2005,124
Egypt,2006,2
Egypt,2008,2
Egypt,2009,1
Egypt,2010,1
Egypt,2011,31
Egypt,2012,75
Egypt,2013,135
Egypt,2014,249
Egypt,2015,991
Egypt,2016,404
Egypt,2017,902
Egypt,2018,692
Egypt,2019,664
Egypt,2020,547
Egypt,2021,124
Egypt,2022,236
Egypt,2023,6
El Salvador,1989,4924
El Salvador,1990,849
El Salvador,1991,88
El Salvador,1992,4
El Salvador,2004,34
El Salvador,2009,5
El Salvador,2010,2
El Salvador,2015,1
El Salvador,2017,1
El Salvador,2019,1
El Salvador,2021,9
El Salvador,2022,88
Eritrea,1993,21
Eritrea,1996,14
Eritrea,1997,31
Eritrea,1998,792
Eritrea,1999,17203
Eritrea,2000,1793
Eritrea,2003,57
Eritrea,2008,0
Eritrea,2016,25
Eritrea,2022,4
Ethiopia,1989,25385
Ethiopia,1990,49856
Ethiopia,1991,12440
Ethiopia,1992,1026
Ethiopia,1993,133
Ethiopia,1994,76
Ethiopia,1995,1043
Ethiopia,1996,65
Ethiopia,1997,12
Ethiopia,1998,1027
Ethiopia,1999,30786
Ethiopia,2000,48666
Ethiopia,2001,388
Ethiopia,2002,809
Ethiopia,2003,1093
Ethiopia,2004,475
Ethiopia,2005,290
Ethiopia,2006,430
Ethiopia,2007,500
Ethiopia,2008,311
Ethiopia,2009,590
Ethiopia,2010,152
Ethiopia,2011,66
Ethiopia,2012,391
Ethiopia,2013,88
Ethiopia,2014,139
Ethiopia,2015,307
Ethiopia,2016,529
Ethiopia,2017,488
Ethiopia,2018,713
Ethiopia,2019,425
Ethiopia,2020,24429
Ethiopia,2021,129516
Ethiopia,2022,165025
Ethiopia,2023,2346
Ethiopia,2024,4072
France,1992,0
France,1995,8
France,1996,0
France,2007,2
France,2012,4
France,2015,133
France,2016,87
France,2017,2
France,2018,13
France,2023,48
France,2024,3
Gambia,1996,0
Gambia,2004,1
Gambia,2005,8
Gambia,2012,1
Gambia,2024,1
Georgia,1991,52
Georgia,1992,775
Georgia,1993,1837
Georgia,1995,52
Georgia,1997,26
Georgia,1998,38
Georgia,2002,0
Georgia,2004,27
Georgia,2008,621
Georgia,2010,3
Georgia,2011,0
Georgia,2023,1
Germany,1989,3
Germany,1990,1
Germany,1992,4
Germany,2016,12
Germany,2024,3
Ghana,1991,30
Ghana,1992,63
Ghana,1993,2
Ghana,1994,2004
Ghana,1995,155
Ghana,2000,30
Ghana,2001,50
Ghana,2002,36
Ghana,2008,55
Ghana,2009,8
Ghana,2010,1
Ghana,2022,16
Ghana,2023,15
Ghana,2024,7
Guatemala,1989,491
Guatemala,1990,681
Guatemala,1991,426
Guatemala,1992,393
Guatemala,1993,218
Guatemala,1994,287
Guatemala,1995,122
Guatemala,1996,20
Guatemala,1997,2
Guatemala,1998,1
Guatemala,2000,0
Guatemala,2001,5
Guatemala,2002,2
Guatemala,2004,1
Guatemala,2005,58
Guatemala,2007,6
Guatemala,2008,41
Guatemala,2009,1
Guatemala,2011,36
Guatemala,2015,24
Guatemala,2016,2
Guatemala,2021,1
Guatemala,2022,13
Guatemala,2023,10
Guatemala,2024,29
Guinea,1994,0
Guinea,1996,27
Guinea,1998,12
Guinea,1999,13
Guinea,2000,256
Guinea,2001,430
Guinea,2005,3
Guinea,2006,15
Guinea,2007,45
Guinea,2009,160
Guinea,2010,1
Guinea,2011,25
Guinea,2012,9
Guinea,2013,98
Guinea,2015,3
Guinea,2019,1
Guinea,2020,49
Guinea,2021,1
Guinea-Bissau,1992,2
Guinea-Bissau,1998,505
Guinea-Bissau,1999,199
Guinea-Bissau,2000,0
Guyana,2008,29
Haiti,1989,48
Haiti,1990,2
Haiti,1991,270
Haiti,1993,37
Haiti,1994,44
Haiti,1995,1
Haiti,1999,11
Haiti,2004,231
Haiti,2005,40
Haiti,2017,8
Haiti,2018,71
Haiti,2019,1
Haiti,2020,166
Haiti,2021,140
Haiti,2022,236
Haiti,2023,454
Haiti,2024,1294
Honduras,1999,9
Honduras,2000,6
Honduras,2002,1
Honduras,2003,40
Honduras,2004,30
Honduras,2010,44
Honduras,2012,18
Honduras,2013,6
Honduras,2014,21
Honduras,2015,71
Honduras,2016,10
Honduras,2018,2
Honduras,2019,40
Honduras,2020,1
Honduras,2021,10
Honduras,2022,6
Honduras,2023,105
Honduras,2024,5
India,1989,1852
India,1990,4801
India,1991,3724
India,1992,4163
India,1993,2326
India,1994,1435
India,1995,1079
India,1996,1333
India,1997,1448
India,1998,1623
India,1999,2563
India,2000,4103
India,2001,1931
India,2002,3031
India,2003,2442
India,2004,2527
India,2005,2015
India,2006,2155
India,2007,1775
India,2008,1863
India,2009,1621
India,2010,1633
India,2011,798
India,2012,801
India,2013,702
India,2014,734
India,2015,622
India,2016,762
India,2017,847
India,2018,952
India,2019,734
India,2020,754
India,2021,521
India,2022,393
India,2023,406
India,2024,552
Indonesia,1989,7
Indonesia,1990,200
Indonesia,1991,429
Indonesia,1992,53
Indonesia,1993,27
Indonesia,1994,12
Indonesia,1995,63
Indonesia,1996,36
Indonesia,1997,441
Indonesia,1998,141
Indonesia,1999,2421
Indonesia,2000,917
Indonesia,2001,884
Indonesia,2002,762
Indonesia,2003,1069
Indonesia,2004,1082
Indonesia,2005,242
Indonesia,2006,13
Indonesia,2007,2
Indonesia,2008,6
Indonesia,2011,9
Indonesia,2012,1
Indonesia,2013,20
Indonesia,2014,12
Indonesia,2015,4
Indonesia,2017,2
Indonesia,2018,37
Indonesia,2019,41
Indonesia,2020,35
Indonesia,2021,68
Indonesia,2022,64
Indonesia,2023,94
Indonesia,2024,77
Iran,1990,31
Iran,1991,44
Iran,1992,4
Iran,1993,153
Iran,1994,16
Iran,1995,17
Iran,1996,34
Iran,1997,37
Iran,1998,13
Iran,1999,19
Iran,2000,41
Iran,2001,112
Iran,2003,2
Iran,2005,54
Iran,2006,61
Iran,2007,86
Iran,2008,118
Iran,2009,208
Iran,2010,101
Iran,2011,220
Iran,2012,17
Iran,2013,11
Iran,2014,5
Iran,2015,25
Iran,2016,69
Iran,2017,58
Iran,2018,92
Iran,2019,313
Iran,2020,246
Iran,2021,82
Iran,2022,251
Iran,2023,43
Iran,2024,222
Iraq,1989,50
Iraq,1990,117
Iraq,1991,24501
Iraq,1992,846
Iraq,1993,368
Iraq,1994,995
Iraq,1995,1537
Iraq,1996,832
Iraq,1997,1628
Iraq,1998,96
Iraq,1999,308
Iraq,2000,193
Iraq,2001,56
Iraq,2002,111
Iraq,2003,8021
Iraq,2004,4366
Iraq,2005,3521
Iraq,2006,4598
Iraq,2007,4489
Iraq,2008,2765
Iraq,2009,1720
Iraq,2010,1857
Iraq,2011,1365
Iraq,2012,1407
Iraq,2013,4010
Iraq,2014,16437
Iraq,2015,11304
Iraq,2016,12025
Iraq,2017,11417
Iraq,2018,1448
Iraq,2019,960
Iraq,2020,945
Iraq,2021,1014
Iraq,2022,1027
Iraq,2023,498
Iraq,2024,409
Israel,1989,93
Israel,1990,43
Israel,1991,47
Israel,1992,72
Israel,1993,88
Israel,1994,116
Israel,1995,78
Israel,1996,132
Israel,1997,25
Israel,1998,6
Israel,1999,2
Israel,2000,109
Israel,2001,356
Israel,2002,892
Israel,2003,468
Israel,2004,522
Israel,2005,214
Israel,2006,557
Israel,2007,538
Israel,2008,738
Israel,2009,751
Israel,2010,75
Israel,2011,102
Israel,2012,253
Israel,2013,12
Israel,2014,2411
Israel,2015,16
Israel,2016,11
Israel,2017,25
Israel,2018,75
Israel,2019,83
Israel,2020,8
Israel,2021,280
Israel,2022,98
Israel,2023,27434
Israel,2024,21476
Italy,1993,0
Ivory Coast,1990,9
Ivory Coast,1991,0
Ivory Coast,1993,1
Ivory Coast,1994,4
Ivory Coast,1995,37
Ivory Coast,1996,35
Ivory Coast,1998,0
Ivory Coast,1999,0
Ivory Coast,2000,132
Ivory Coast,2001,2
Ivory Coast,2002,1063
Ivory Coast,2003,493
Ivory Coast,2004,304
Ivory Coast,2005,153
Ivory Coast,2006,11
Ivory Coast,2007,3
Ivory Coast,2008,4
Ivory Coast,2009,1
Ivory Coast,2010,80
Ivory Coast,2011,1256
Ivory Coast,2012,21
Ivory Coast,2013,4
Ivory Coast,2016,49
Ivory Coast,2020,3
Jamaica,1989,1
Jamaica,1994,5
Jamaica,2001,116
Jamaica,2002,22
Jordan,1992,1
Jordan,2005,59
Jordan,2015,1
Jordan,2016,37
Jordan,2024,3
Kenya,1989,63
Kenya,1990,7
Kenya,1991,17
Kenya,1992,159
Kenya,1993,287
Kenya,1994,34
Kenya,1995,60
Kenya,1996,170
Kenya,1997,212
Kenya,1998,322
Kenya,1999,229
Kenya,2000,261
Kenya,2001,192
Kenya,2002,45
Kenya,2003,7
Kenya,2004,20
Kenya,2005,215
Kenya,2006,219
Kenya,2007,200
Kenya,2008,783
Kenya,2009,170
Kenya,2010,87
Kenya,2011,144
Kenya,2012,309
Kenya,2013,267
Kenya,2014,344
Kenya,2015,389
Kenya,2016,130
Kenya,2017,228
Kenya,2018,164
Kenya,2019,188
Kenya,2020,151
Kenya,2021,135
Kenya,2022,101
Kenya,2023,224
Kenya,2024,112
Kingdom of eSwatini (Swaziland),1989,2
Kingdom of eSwatini (Swaziland),2019,1
Kingdom of eSwatini (Swaziland),2020,2
Kingdom of eSwatini (Swaziland),2021,48
Kingdom of eSwatini (Swaziland),2022,2
Kingdom of eSwatini (Swaziland),2023,3
Kuwait,1990,1329
Kuwait,1991,460
Kuwait,1996,1
Kuwait,2015,26
Kyrgyzstan,1999,14
Kyrgyzstan,2000,174
Kyrgyzstan,2006,6
Kyrgyzstan,2010,44
Kyrgyzstan,2015,1
Kyrgyzstan,2021,40
Kyrgyzstan,2022,68
Laos,1989,30
Laos,1990,255
Laos,1993,3
Laos,1997,2
Laos,1999,2
Laos,2000,7
Laos,2002,4
Laos,2003,5
Laos,2004,4
Laos,2006,73
Lebanon,1989,1097
Lebanon,1990,1903
Lebanon,1991,68
Lebanon,1992,132
Lebanon,1993,165
Lebanon,1994,144
Lebanon,1995,126
Lebanon,1996,214
Lebanon,1997,105
Lebanon,1998,85
Lebanon,1999,74
Lebanon,2000,59
Lebanon,2001,4
Lebanon,2002,0
Lebanon,2003,1
Lebanon,2005,3
Lebanon,2006,1194
Lebanon,2008,38
Lebanon,2011,4
Lebanon,2012,53
Lebanon,2013,179
Lebanon,2014,231
Lebanon,2015,200
Lebanon,2016,56
Lebanon,2017,297
Lebanon,2018,2
Lebanon,2020,20
Lebanon,2023,123
Lebanon,2024,4339
Lesotho,1998,78
Liberia,1989,45
Liberia,1990,3729
Liberia,1991,578
Liberia,1992,453
Liberia,1993,2673
Liberia,1994,4167
Liberia,1995,2290
Liberia,1996,3077
Liberia,1997,13
Liberia,1998,13
Liberia,1999,70
Liberia,2000,101
Liberia,2001,481
Liberia,2002,2259
Liberia,2003,3281
Liberia,2019,1
Liberia,2020,2
Liberia,2024,1
Libya,2008,6
Libya,2011,3914
Libya,2012,378
Libya,2013,36
Libya,2014,1455
Libya,2015,1594
Libya,2016,2349
Libya,2017,1096
Libya,2018,670
Libya,2019,1786
Libya,2020,690
Libya,2021,12
Libya,2022,13
Libya,2023,2
Libya,2024,2
Madagascar (Malagasy),2002,79
Madagascar (Malagasy),2009,113
Madagascar (Malagasy),2012,15
Madagascar (Malagasy),2017,1
Madagascar (Malagasy),2019,3
Madagascar (Malagasy),2020,23
Malaysia,2013,70
Malaysia,2017,1
Mali,1990,582
Mali,1991,247
Mali,1992,86
Mali,1993,0
Mali,1994,729
Mali,1995,4
Mali,1997,22
Mali,1999,59
Mali,2002,5
Mali,2004,20
Mali,2005,12
Mali,2007,39
Mali,2008,113
Mali,2009,127
Mali,2010,28
Mali,2011,23
Mali,2012,359
Mali,2013,881
Mali,2014,291
Mali,2015,256
Mali,2016,198
Mali,2017,612
Mali,2018,1281
Mali,2019,1227
Mali,2020,1543
Mali,2021,1287
Mali,2022,3656
Mali,2023,2118
Mali,2024,1901
Malta,1995,0
Mauritania,1989,128
Mauritania,1990,29
Mauritania,1992,0
Mauritania,2007,4
Mauritania,2008,12
Mauritania,2009,1
Mauritania,2010,1
Mauritania,2011,13
Mauritania,2012,1
Mauritania,2019,1
Mauritania,2020,0
Mauritania,2023,6
Mauritania,2024,3
Mexico,1989,3
Mexico,1990,4
Mexico,1992,16
Mexico,1993,34
Mexico,1994,153
Mexico,1995,22
Mexico,1996,43
Mexico,1997,58
Mexico,1998,7
Mexico,2002,27
Mexico,2004,220
Mexico,2005,204
Mexico,2006,670
Mexico,2007,1946
Mexico,2008,3743
Mexico,2009,5607
Mexico,2010,6215
Mexico,2011,4945
Mexico,2012,5966
Mexico,2013,4478
Mexico,2014,3357
Mexico,2015,4527
Mexico,2016,4306
Mexico,2017,9725
Mexico,2018,11247
Mexico,2019,10486
Mexico,2020,13431
Mexico,2021,15119
Mexico,2022,12555
Mexico,2023,10899
Mexico,2024,11022
Moldova,1992,585
Morocco,1989,207
Morocco,1991,19
Morocco,2003,34
Morocco,2011,17
Morocco,2020,2
Morocco,2021,6
Morocco,2022,14
Morocco,2023,5
Morocco,2024,7
Mozambique,1989,1552
Mozambique,1990,1759
Mozambique,1991,1961
Mozambique,1992,521
Mozambique,1993,2
Mozambique,1994,2
Mozambique,1995,1
Mozambique,2004,1
Mozambique,2005,13
Mozambique,2010,7
Mozambique,2012,2
Mozambique,2013,45
Mozambique,2014,33
Mozambique,2016,68
Mozambique,2017,3
Mozambique,2018,171
Mozambique,2019,597
Mozambique,2020,1627
Mozambique,2021,1918
Mozambique,2022,717
Mozambique,2023,271
Mozambique,2024,522
Myanmar (Burma),1989,1534
Myanmar (Burma),1990,796
Myanmar (Burma),1991,1375
Myanmar (Burma),1992,1749
Myanmar (Burma),1993,145
Myanmar (Burma),1994,794
Myanmar (Burma),1995,1496
Myanmar (Burma),1996,591
Myanmar (Burma),1997,788
Myanmar (Burma),1998,581
Myanmar (Burma),1999,369
Myanmar (Burma),2000,748
Myanmar (Burma),2001,387
Myanmar (Burma),2002,543
Myanmar (Burma),2003,272
Myanmar (Burma),2004,177
Myanmar (Burma),2005,449
Myanmar (Burma),2006,452
Myanmar (Burma),2007,704
Myanmar (Burma),2008,102
Myanmar (Burma),2009,225
Myanmar (Burma),2010,185
Myanmar (Burma),2011,811
Myanmar (Burma),2012,971
Myanmar (Burma),2013,358
Myanmar (Burma),2014,256
Myanmar (Burma),2015,705
Myanmar (Burma),2016,183
Myanmar (Burma),2017,2395
Myanmar (Burma),2018,122
Myanmar (Burma),2019,587
Myanmar (Burma),2020,207
Myanmar (Burma),2021,1781
Myanmar (Burma),2022,2761
Myanmar (Burma),2023,3065
Myanmar (Burma),2024,2896
Namibia,1994,0
Namibia,1996,2
Namibia,1999,1
Namibia,2000,60
Namibia,2002,0
Nepal,1990,14
Nepal,1991,2
Nepal,1992,0
Nepal,1993,3
Nepal,1994,0
Nepal,1995,0
Nepal,1996,77
Nepal,1997,48
Nepal,1998,357
Nepal,1999,295
Nepal,2000,365
Nepal,2001,569
Nepal,2002,4432
Nepal,2003,1732
Nepal,2004,2456
Nepal,2005,1399
Nepal,2006,566
Nepal,2007,31
Nepal,2008,0
Nepal,2009,9
Nepal,2022,1
Netherlands,1990,2
Netherlands,2015,0
Nicaragua,1989,526
Nicaragua,1990,39
Niger,1989,170
Niger,1990,200
Niger,1991,40
Niger,1992,29
Niger,1993,6
Niger,1994,50
Niger,1995,67
Niger,1996,14
Niger,1997,81
Niger,1998,147
Niger,2004,4
Niger,2007,98
Niger,2008,68
Niger,2012,1
Niger,2013,31
Niger,2014,5
Niger,2015,533
Niger,2016,299
Niger,2017,248
Niger,2018,181
Niger,2019,454
Niger,2020,820
Niger,2021,1130
Niger,2022,664
Niger,2023,513
Niger,2024,1222
Nigeria,1990,89
Nigeria,1991,380
Nigeria,1992,943
Nigeria,1993,1185
Nigeria,1994,90
Nigeria,1995,1
Nigeria,1996,87
Nigeria,1997,595
Nigeria,1998,357
Nigeria,1999,3519
Nigeria,2000,2104
Nigeria,2001,2437
Nigeria,2002,629
Nigeria,2003,449
Nigeria,2004,2136
Nigeria,2005,233
Nigeria,2006,231
Nigeria,2007,157
Nigeria,2008,432
Nigeria,2009,533
Nigeria,2010,980
Nigeria,2011,1831
Nigeria,2012,2022
Nigeria,2013,3391
Nigeria,2014,10346
Nigeria,2015,9121
Nigeria,2016,3949
Nigeria,2017,3589
Nigeria,2018,3243
Nigeria,2019,2455
Nigeria,2020,3079
Nigeria,2021,3171
Nigeria,2022,2917
Nigeria,2023,3971
Nigeria,2024,3170
North Macedonia,1999,6
North Macedonia,2000,3
North Macedonia,2001,72
Pakistan,1989,114
Pakistan,1990,386
Pakistan,1991,62
Pakistan,1992,72
Pakistan,1993,48
Pakistan,1994,169
Pakistan,1995,127
Pakistan,1996,64
Pakistan,1997,123
Pakistan,1998,121
Pakistan,1999,57
Pakistan,2000,59
Pakistan,2001,42
Pakistan,2002,170
Pakistan,2003,242
Pakistan,2004,430
Pakistan,2005,168
Pakistan,2006,427
Pakistan,2007,1380
Pakistan,2008,4621
Pakistan,2009,7512
Pakistan,2010,7251
Pakistan,2011,3475
Pakistan,2012,3583
Pakistan,2013,2914
Pakistan,2014,3639
Pakistan,2015,2454
Pakistan,2016,1100
Pakistan,2017,960
Pakistan,2018,483
Pakistan,2019,293
Pakistan,2020,409
Pakistan,2021,452
Pakistan,2022,719
Pakistan,2023,1178
Pakistan,2024,1885
Panama,1989,920
Panama,2009,1
Papua New Guinea,1989,14
Papua New Guinea,1990,61
Papua New Guinea,1991,29
Papua New Guinea,1992,61
Papua New Guinea,1993,40
Papua New Guinea,1994,26
Papua New Guinea,1995,33
Papua New Guinea,1996,106
Papua New Guinea,1997,12
Papua New Guinea,1998,40
Papua New Guinea,1999,60
Papua New Guinea,2000,13
Papua New Guinea,2001,65
Papua New Guinea,2002,7
Papua New Guinea,2012,57
Papua New Guinea,2019,30
Papua New Guinea,2021,38
Papua New Guinea,2022,109
Papua New Guinea,2023,1
Papua New Guinea,2024,135
Paraguay,1989,150
Paraguay,2016,1
Paraguay,2018,1
Paraguay,2020,1
Paraguay,2021,4
Peru,1989,1945
Peru,1990,1228
Peru,1991,1350
Peru,1992,1195
Peru,1993,779
Peru,1994,369
Peru,1995,274
Peru,1996,105
Peru,1997,116
Peru,1998,33
Peru,1999,89
Peru,2000,5
Peru,2001,21
Peru,2002,13
Peru,2003,13
Peru,2004,3
Peru,2005,0
Peru,2006,11
Peru,2007,32
Peru,2008,40
Peru,2009,54
Peru,2010,29
Peru,2011,15
Peru,2013,3
Peru,2014,14
Peru,2015,9
Peru,2016,11
Peru,2017,7
Peru,2019,2
Peru,2020,11
Peru,2021,20
Peru,2022,14
Peru,2023,12
Philippines,1989,984
Philippines,1990,1362
Philippines,1991,1549
Philippines,1992,445
Philippines,1993,318
Philippines,1994,308
Philippines,1995,188
Philippines,1996,199
Philippines,1997,322
Philippines,1998,138
Philippines,1999,219
Philippines,2000,1761
Philippines,2001,1053
Philippines,2002,763
Philippines,2003,1134
Philippines,2004,471
Philippines,2005,487
Philippines,2006,434
Philippines,2007,483
Philippines,2008,566
Philippines,2009,1048
Philippines,2010,372
Philippines,2011,414
Philippines,2012,311
Philippines,2013,537
Philippines,2014,484
Philippines,2015,628
Philippines,2016,616
Philippines,2017,1713
Philippines,2018,436
Philippines,2019,364
Philippines,2020,376
Philippines,2021,310
Philippines,2022,247
Philippines,2023,269
Philippines,2024,204
Poland,2022,2
Qatar,2004,0
Romania,1989,448
Russia (Soviet Union),1989,160
Russia (Soviet Union),1990,393
Russia (Soviet Union),1991,340
Russia (Soviet Union),1992,1
Russia (Soviet Union),1993,145
Russia (Soviet Union),1994,485
Russia (Soviet Union),1995,1910
Russia (Soviet Union),1996,2764
Russia (Soviet Union),1997,13
Russia (Soviet Union),1998,7
Russia (Soviet Union),1999,6197
Russia (Soviet Union),2000,4333
Russia (Soviet Union),2001,992
Russia (Soviet Union),2002,1508
Russia (Soviet Union),2003,548
Russia (Soviet Union),2004,1317
Russia (Soviet Union),2005,688
Russia (Soviet Union),2006,260
Russia (Soviet Union),2007,182
Russia (Soviet Union),2008,410
Russia (Soviet Union),2009,698
Russia (Soviet Union),2010,481
Russia (Soviet Union),2011,396
Russia (Soviet Union),2012,525
Russia (Soviet Union),2013,365
Russia (Soviet Union),2014,176
Russia (Soviet Union),2015,86
Russia (Soviet Union),2016,78
Russia (Soviet Union),2017,53
Russia (Soviet Union),2018,38
Russia (Soviet Union),2019,26
Russia (Soviet Union),2020,33
Russia (Soviet Union),2021,2
Russia (Soviet Union),2022,67
Russia (Soviet Union),2023,204
Russia (Soviet Union),2024,7819
Rwanda,1990,2647
Rwanda,1991,1102
Rwanda,1992,647
Rwanda,1993,977
Rwanda,1994,772463
Rwanda,1995,4232
Rwanda,1996,876
Rwanda,1997,7201
Rwanda,1998,1774
Rwanda,1999,29
Rwanda,2001,2044
Rwanda,2004,16
Rwanda,2009,2
Rwanda,2011,0
Rwanda,2012,13
Rwanda,2013,4
Rwanda,2016,27
Rwanda,2017,10
Rwanda,2018,18
Rwanda,2019,19
Rwanda,2021,7
Rwanda,2022,8
Rwanda,2024,1
Saudi Arabia,1991,91
Saudi Arabia,2003,26
Saudi Arabia,2004,91
Saudi Arabia,2005,31
Saudi Arabia,2006,11
Saudi Arabia,2007,2
Saudi Arabia,2015,113
Saudi Arabia,2016,125
Saudi Arabia,2017,45
Saudi Arabia,2018,11
Saudi Arabia,2019,6
Saudi Arabia,2020,0
Saudi Arabia,2021,6
Saudi Arabia,2023,9
Senegal,1989,121
Senegal,1990,84
Senegal,1991,16
Senegal,1992,135
Senegal,1993,285
Senegal,1995,329
Senegal,1996,5
Senegal,1997,366
Senegal,1998,343
Senegal,1999,31
Senegal,2000,56
Senegal,2001,47
Senegal,2002,45
Senegal,2003,39
Senegal,2004,3
Senegal,2005,46
Senegal,2006,126
Senegal,2008,11
Senegal,2009,19
Senegal,2010,19
Senegal,2011,37
Senegal,2012,23
Senegal,2013,8
Senegal,2018,1
Senegal,2020,0
Senegal,2021,0
Serbia (Yugoslavia),1991,3295
Serbia (Yugoslavia),1992,1868
Serbia (Yugoslavia),1995,0
Serbia (Yugoslavia),1996,2
Serbia (Yugoslavia),1997,9
Serbia (Yugoslavia),1998,1446
Serbia (Yugoslavia),1999,2153
Serbia (Yugoslavia),2001,0
Sierra Leone,1991,1225
Sierra Leone,1992,531
Sierra Leone,1993,642
Sierra Leone,1994,2097
Sierra Leone,1995,3194
Sierra Leone,1996,943
Sierra Leone,1997,1233
Sierra Leone,1998,5155
Sierra Leone,1999,4493
Sierra Leone,2000,856
Sierra Leone,2001,73
Sierra Leone,2002,1
Sierra Leone,2021,1
Solomon Islands,1992,2
Somalia,1989,1061
Somalia,1990,2700
Somalia,1991,8455
Somalia,1992,4729
Somalia,1993,483
Somalia,1994,626
Somalia,1995,444
Somalia,1996,949
Somalia,1997,277
Somalia,1998,330
Somalia,1999,542
Somalia,2000,185
Somalia,2001,483
Somalia,2002,638
Somalia,2003,405
Somalia,2004,670
Somalia,2005,340
Somalia,2006,1204
Somalia,2007,1620
Somalia,2008,1751
Somalia,2009,2204
Somalia,2010,2722
Somalia,2011,2118
Somalia,2012,2989
Somalia,2013,1045
Somalia,2014,1247
Somalia,2015,1254
Somalia,2016,2073
Somalia,2017,2071
Somalia,2018,2507
Somalia,2019,2219
Somalia,2020,2120
Somalia,2021,2269
Somalia,2022,3115
Somalia,2023,4216
Somalia,2024,2514
South Africa,1989,645
South Africa,1990,1459
South Africa,1991,737
South Africa,1992,761
South Africa,1993,895
South Africa,1994,532
South Africa,1995,143
South Africa,1996,156
South Africa,1997,30
South Africa,1998,44
South Africa,1999,19
South Africa,2000,0
South Africa,2002,2
South Africa,2004,0
South Africa,2010,1
South Africa,2015,0
South Africa,2016,3
South Africa,2018,12
South Africa,2019,8
South Africa,2020,29
South Africa,2021,123
South Africa,2022,4
South Africa,2023,5
South Africa,2024,2
South Sudan,2011,1194
South Sudan,2012,864
South Sudan,2013,1827
South Sudan,2014,2491
South Sudan,2015,1137
South Sudan,2016,1303
South Sudan,2017,1271
South Sudan,2018,1229
South Sudan,2019,642
South Sudan,2020,748
South Sudan,2021,891
South Sudan,2022,728
South Sudan,2023,224
South Sudan,2024,697
Spain,1989,17
Spain,1990,19
Spain,1991,45
Spain,1992,23
Spain,1993,12
Spain,1994,11
Spain,1995,13
Spain,1996,4
Spain,1997,12
Spain,1998,7
Spain,2000,20
Spain,2001,13
Spain,2002,5
Spain,2003,3
Spain,2004,191
Spain,2008,2
Spain,2009,3
Spain,2017,16
Spain,2023,2
Sri Lanka,1989,1288
Sri Lanka,1990,4840
Sri Lanka,1991,6646
Sri Lanka,1992,4444
Sri Lanka,1993,2084
Sri Lanka,1994,712
Sri Lanka,1995,4971
Sri Lanka,1996,4097
Sri Lanka,1997,2902
Sri Lanka,1998,3830
Sri Lanka,1999,1948
Sri Lanka,2000,2569
Sri Lanka,2001,1162
Sri Lanka,2002,17
Sri Lanka,2003,33
Sri Lanka,2004,84
Sri Lanka,2005,130
Sri Lanka,2006,2173
Sri Lanka,2007,2564
Sri Lanka,2008,8453
Sri Lanka,2009,10418
Sri Lanka,2011,2
Sri Lanka,2013,5
Sri Lanka,2017,1
Sri Lanka,2019,255
Sudan,1989,7533
Sudan,1990,5335
Sudan,1991,4566
Sudan,1992,4314
Sudan,1993,6042
Sudan,1994,977
Sudan,1995,1494
Sudan,1996,2735
Sudan,1997,4872
Sudan,1998,5958
Sudan,1999,2067
Sudan,2000,3537
Sudan,2001,3719
Sudan,2002,3207
Sudan,2003,5010
Sudan,2004,9712
Sudan,2005,1505
Sudan,2006,2187
Sudan,2007,1180
Sudan,2008,1241
Sudan,2009,2689
Sudan,2010,1790
Sudan,2011,2567
Sudan,2012,1525
Sudan,2013,1959
Sudan,2014,1912
Sudan,2015,2558
Sudan,2016,1997
Sudan,2017,548
Sudan,2018,432
Sudan,2019,435
Sudan,2020,627
Sudan,2021,862
Sudan,2022,1407
Sudan,2023,7837
Sudan,2024,7103
Sweden,2017,5
Syria,2004,8
Syria,2008,1
Syria,2011,4347
Syria,2012,53699
Syria,2013,76500
Syria,2014,78689
Syria,2015,59609
Syria,2016,53891
Syria,2017,38517
Syria,2018,21730
Syria,2019,11208
Syria,2020,5690
Syria,2021,1948
Syria,2022,1671
Syria,2023,2187
Syria,2024,3616
Tajikistan,1992,3859
Tajikistan,1993,1045
Tajikistan,1994,366
Tajikistan,1995,368
Tajikistan,1996,2797
Tajikistan,1997,97
Tajikistan,1998,600
Tajikistan,1999,4
Tajikistan,2000,46
Tajikistan,2005,1
Tajikistan,2006,8
Tajikistan,2009,17
Tajikistan,2010,98
Tajikistan,2011,28
Tajikistan,2013,3
Tajikistan,2014,3
Tajikistan,2018,56
Tajikistan,2019,53
Tajikistan,2021,16
Tajikistan,2022,87
Tanzania,1992,1
Tanzania,1996,10
Tanzania,1997,3
Tanzania,1999,0
Tanzania,2001,37
Tanzania,2007,3
Tanzania,2012,1
Tanzania,2014,10
Tanzania,2017,1
Tanzania,2018,1
Tanzania,2019,8
Tanzania,2020,44
Tanzania,2021,26
Tanzania,2022,4
Tanzania,2024,6
Thailand,1989,6
Thailand,1990,20
Thailand,1991,2
Thailand,1992,0
Thailand,1993,1
Thailand,1994,1
Thailand,1995,12
Thailand,1996,1
Thailand,1997,7
Thailand,1998,12
Thailand,1999,1
Thailand,2000,8
Thailand,2001,25
Thailand,2002,23
Thailand,2003,26
Thailand,2004,310
Thailand,2005,494
Thailand,2006,541
Thailand,2007,518
Thailand,2008,328
Thailand,2009,258
Thailand,2010,221
Thailand,2011,277
Thailand,2012,244
Thailand,2013,249
Thailand,2014,100
Thailand,2015,84
Thailand,2016,69
Thailand,2017,50
Thailand,2018,61
Thailand,2019,60
Thailand,2020,47
Thailand,2021,41
Thailand,2022,36
Thailand,2023,31
Thailand,2024,40
Togo,1991,63
Togo,1992,5
Togo,1993,48
Togo,1998,9
Togo,2005,436
Togo,2019,1
Togo,2022,62
Togo,2023,76
Togo,2024,68
Trinidad and Tobago,1990,39
Tunisia,2002,21
Tunisia,2011,8
Tunisia,2012,3
Tunisia,2013,29
Tunisia,2014,51
Tunisia,2015,137
Tunisia,2016,88
Tunisia,2017,15
Tunisia,2018,25
Tunisia,2019,20
Tunisia,2020,12
Tunisia,2021,18
Tunisia,2022,3
Tunisia,2023,3
Turkey,1989,538
Turkey,1990,630
Turkey,1991,448
Turkey,1992,1926
Turkey,1993,2765
Turkey,1994,4182
Turkey,1995,3650
Turkey,1996,3811
Turkey,1997,2600
Turkey,1998,2058
Turkey,1999,1155
Turkey,2000,153
Turkey,2001,120
Turkey,2002,34
Turkey,2003,150
Turkey,2004,221
Turkey,2005,295
Turkey,2006,226
Turkey,2007,502
Turkey,2008,491
Turkey,2009,138
Turkey,2010,234
Turkey,2011,410
Turkey,2012,789
Turkey,2013,75
Turkey,2014,11
Turkey,2015,1061
Turkey,2016,1561
Turkey,2017,462
Turkey,2018,461
Turkey,2019,311
Turkey,2020,226
Turkey,2021,132
Turkey,2022,107
Turkey,2023,108
Turkey,2024,43
Uganda,1989,1057
Uganda,1990,809
Uganda,1991,1018
Uganda,1992,76
Uganda,1994,160
Uganda,1995,537
Uganda,1996,1798
Uganda,1997,1354
Uganda,1998,1214
Uganda,1999,1024
Uganda,2000,1238
Uganda,2001,212
Uganda,2002,1316
Uganda,2003,1628
Uganda,2004,2004
Uganda,2005,922
Uganda,2006,334
Uganda,2007,156
Uganda,2008,32
Uganda,2009,59
Uganda,2010,74
Uganda,2014,7
Uganda,2016,30
Uganda,2017,0
Uganda,2018,2
Uganda,2019,2
Uganda,2021,23
Uganda,2022,25
Uganda,2023,79
Uganda,2024,1
Ukraine,2014,4946
Ukraine,2015,1894
Ukraine,2016,699
Ukraine,2017,447
Ukraine,2018,243
Ukraine,2019,311
Ukraine,2020,196
Ukraine,2021,208
Ukraine,2022,92615
Ukraine,2023,75393
Ukraine,2024,68116
United Arab Emirates,2010,1
United Arab Emirates,2022,3
United Kingdom,1989,41
United Kingdom,1990,47
United Kingdom,1991,38
United Kingdom,1992,39
United Kingdom,1993,47
United Kingdom,1994,16
United Kingdom,1996,2
United Kingdom,1997,5
United Kingdom,1998,31
United Kingdom,2000,1
United Kingdom,2001,1
United Kingdom,2002,3
United Kingdom,2003,1
United Kingdom,2004,1
United Kingdom,2005,53
United Kingdom,2006,0
United Kingdom,2009,2
United Kingdom,2011,1
United Kingdom,2019,4
United States of America,2001,2986
United States of America,2010,2
United States of America,2015,14
United States of America,2017,8
United States of America,2018,1
United States of America,2019,4
United States of America,2022,1
Uzbekistan,1999,50
Uzbekistan,2000,297
Uzbekistan,2004,37
Uzbekistan,2009,16
Venezuela,1989,58
Venezuela,1990,64
Venezuela,1991,30
Venezuela,1992,223
Venezuela,1993,63
Venezuela,1994,164
Venezuela,1995,28
Venezuela,1996,33
Venezuela,1997,33
Venezuela,1998,10
Venezuela,1999,26
Venezuela,2000,27
Venezuela,2001,27
Venezuela,2002,27
Venezuela,2003,25
Venezuela,2004,31
Venezuela,2005,30
Venezuela,2006,22
Venezuela,2007,17
Venezuela,2008,27
Venezuela,2009,27
Venezuela,2010,23
Venezuela,2011,11
Venezuela,2012,33
Venezuela,2013,9
Venezuela,2014,49
Venezuela,2015,32
Venezuela,2016,60
Venezuela,2017,76
Venezuela,2018,94
Venezuela,2019,83
Venezuela,2020,5
Venezuela,2021,20
Venezuela,2022,39
Venezuela,2023,16
Venezuela,2024,12
Yemen (North Yemen),1994,1489
Yemen (North Yemen),2000,19
Yemen (North Yemen),2002,2
Yemen (North Yemen),2003,6
Yemen (North Yemen),2004,29
Yemen (North Yemen),2008,21
Yemen (North Yemen),2009,94
Yemen (North Yemen),2010,201
Yemen (North Yemen),2011,1430
Yemen (North Yemen),2012,2461
Yemen (North Yemen),2013,578
Yemen (North Yemen),2014,2364
Yemen (North Yemen),2015,8125
Yemen (North Yemen),2016,4027
Yemen (North Yemen),2017,3620
Yemen (North Yemen),2018,4996
Yemen (North Yemen),2019,2959
Yemen (North Yemen),2020,6754
Yemen (North Yemen),2021,23463
Yemen (North Yemen),2022,3220
Yemen (North Yemen),2023,931
Yemen (North Yemen),2024,990
Zambia,1989,87
Zambia,1990,40
Zambia,1993,1
Zambia,2000,1
Zambia,2001,7
Zimbabwe (Rhodesia),1989,37
Zimbabwe (Rhodesia),1990,14
Zimbabwe (Rhodesia),1995,4
Zimbabwe (Rhodesia),1998,1
Zimbabwe (Rhodesia),1999,1
Zimbabwe (Rhodesia),2001,0
Zimbabwe (Rhodesia),2003,0
Zimbabwe (Rhodesia),2007,0
Zimbabwe (Rhodesia),2008,253
Zimbabwe (Rhodesia),2009,0
Zimbabwe (Rhodesia),2011,1
Zimbabwe (Rhodesia),2012,1
Zimbabwe (Rhodesia),2018,4
Zimbabwe (Rhodesia),2019,8
Zimbabwe (Rhodesia),2020,2
